USE [master]
GO
/****** Object:  Database [DataManager]    Script Date: 17/06/2021 0:12:44 ******/
CREATE DATABASE [DataManager]
 CONTAINMENT = NONE
 ON  PRIMARY 
( NAME = N'DataManager', FILENAME = N'C:\Program Files\Microsoft SQL Server\MSSQL15.SQLEXPRESS\MSSQL\DATA\DataManager.mdf' , SIZE = 8192KB , MAXSIZE = UNLIMITED, FILEGROWTH = 65536KB )
 LOG ON 
( NAME = N'DataManager_log', FILENAME = N'C:\Program Files\Microsoft SQL Server\MSSQL15.SQLEXPRESS\MSSQL\DATA\DataManager_log.ldf' , SIZE = 8192KB , MAXSIZE = 2048GB , FILEGROWTH = 65536KB )
 WITH CATALOG_COLLATION = DATABASE_DEFAULT
GO
ALTER DATABASE [DataManager] SET COMPATIBILITY_LEVEL = 150
GO
IF (1 = FULLTEXTSERVICEPROPERTY('IsFullTextInstalled'))
begin
EXEC [DataManager].[dbo].[sp_fulltext_database] @action = 'enable'
end
GO
ALTER DATABASE [DataManager] SET ANSI_NULL_DEFAULT OFF 
GO
ALTER DATABASE [DataManager] SET ANSI_NULLS OFF 
GO
ALTER DATABASE [DataManager] SET ANSI_PADDING OFF 
GO
ALTER DATABASE [DataManager] SET ANSI_WARNINGS OFF 
GO
ALTER DATABASE [DataManager] SET ARITHABORT OFF 
GO
ALTER DATABASE [DataManager] SET AUTO_CLOSE ON 
GO
ALTER DATABASE [DataManager] SET AUTO_SHRINK OFF 
GO
ALTER DATABASE [DataManager] SET AUTO_UPDATE_STATISTICS ON 
GO
ALTER DATABASE [DataManager] SET CURSOR_CLOSE_ON_COMMIT OFF 
GO
ALTER DATABASE [DataManager] SET CURSOR_DEFAULT  GLOBAL 
GO
ALTER DATABASE [DataManager] SET CONCAT_NULL_YIELDS_NULL OFF 
GO
ALTER DATABASE [DataManager] SET NUMERIC_ROUNDABORT OFF 
GO
ALTER DATABASE [DataManager] SET QUOTED_IDENTIFIER OFF 
GO
ALTER DATABASE [DataManager] SET RECURSIVE_TRIGGERS OFF 
GO
ALTER DATABASE [DataManager] SET  ENABLE_BROKER 
GO
ALTER DATABASE [DataManager] SET AUTO_UPDATE_STATISTICS_ASYNC OFF 
GO
ALTER DATABASE [DataManager] SET DATE_CORRELATION_OPTIMIZATION OFF 
GO
ALTER DATABASE [DataManager] SET TRUSTWORTHY OFF 
GO
ALTER DATABASE [DataManager] SET ALLOW_SNAPSHOT_ISOLATION OFF 
GO
ALTER DATABASE [DataManager] SET PARAMETERIZATION SIMPLE 
GO
ALTER DATABASE [DataManager] SET READ_COMMITTED_SNAPSHOT ON 
GO
ALTER DATABASE [DataManager] SET HONOR_BROKER_PRIORITY OFF 
GO
ALTER DATABASE [DataManager] SET RECOVERY SIMPLE 
GO
ALTER DATABASE [DataManager] SET  MULTI_USER 
GO
ALTER DATABASE [DataManager] SET PAGE_VERIFY CHECKSUM  
GO
ALTER DATABASE [DataManager] SET DB_CHAINING OFF 
GO
ALTER DATABASE [DataManager] SET FILESTREAM( NON_TRANSACTED_ACCESS = OFF ) 
GO
ALTER DATABASE [DataManager] SET TARGET_RECOVERY_TIME = 60 SECONDS 
GO
ALTER DATABASE [DataManager] SET DELAYED_DURABILITY = DISABLED 
GO
ALTER DATABASE [DataManager] SET ACCELERATED_DATABASE_RECOVERY = OFF  
GO
ALTER DATABASE [DataManager] SET QUERY_STORE = OFF
GO
USE [DataManager]
GO
/****** Object:  Table [dbo].[__MigrationHistory]    Script Date: 17/06/2021 0:12:45 ******/
SET ANSI_NULLS ON
GO
SET QUOTED_IDENTIFIER ON
GO
CREATE TABLE [dbo].[__MigrationHistory](
	[MigrationId] [nvarchar](150) NOT NULL,
	[ContextKey] [nvarchar](300) NOT NULL,
	[Model] [varbinary](max) NOT NULL,
	[ProductVersion] [nvarchar](32) NOT NULL,
 CONSTRAINT [PK_dbo.__MigrationHistory] PRIMARY KEY CLUSTERED 
(
	[MigrationId] ASC,
	[ContextKey] ASC
)WITH (PAD_INDEX = OFF, STATISTICS_NORECOMPUTE = OFF, IGNORE_DUP_KEY = OFF, ALLOW_ROW_LOCKS = ON, ALLOW_PAGE_LOCKS = ON, OPTIMIZE_FOR_SEQUENTIAL_KEY = OFF) ON [PRIMARY]
) ON [PRIMARY] TEXTIMAGE_ON [PRIMARY]
GO
/****** Object:  Table [dbo].[Categories]    Script Date: 17/06/2021 0:12:45 ******/
SET ANSI_NULLS ON
GO
SET QUOTED_IDENTIFIER ON
GO
CREATE TABLE [dbo].[Categories](
	[Id] [int] IDENTITY(1,1) NOT NULL,
	[Name] [nvarchar](max) NULL,
	[User_Username] [nvarchar](128) NULL,
 CONSTRAINT [PK_dbo.Categories] PRIMARY KEY CLUSTERED 
(
	[Id] ASC
)WITH (PAD_INDEX = OFF, STATISTICS_NORECOMPUTE = OFF, IGNORE_DUP_KEY = OFF, ALLOW_ROW_LOCKS = ON, ALLOW_PAGE_LOCKS = ON, OPTIMIZE_FOR_SEQUENTIAL_KEY = OFF) ON [PRIMARY]
) ON [PRIMARY] TEXTIMAGE_ON [PRIMARY]
GO
/****** Object:  Table [dbo].[CreditCardDataBreaches]    Script Date: 17/06/2021 0:12:45 ******/
SET ANSI_NULLS ON
GO
SET QUOTED_IDENTIFIER ON
GO
CREATE TABLE [dbo].[CreditCardDataBreaches](
	[CreditCard_Id] [int] NOT NULL,
	[DataBreach_Id] [int] NOT NULL,
 CONSTRAINT [PK_dbo.CreditCardDataBreaches] PRIMARY KEY CLUSTERED 
(
	[CreditCard_Id] ASC,
	[DataBreach_Id] ASC
)WITH (PAD_INDEX = OFF, STATISTICS_NORECOMPUTE = OFF, IGNORE_DUP_KEY = OFF, ALLOW_ROW_LOCKS = ON, ALLOW_PAGE_LOCKS = ON, OPTIMIZE_FOR_SEQUENTIAL_KEY = OFF) ON [PRIMARY]
) ON [PRIMARY]
GO
/****** Object:  Table [dbo].[CreditCards]    Script Date: 17/06/2021 0:12:45 ******/
SET ANSI_NULLS ON
GO
SET QUOTED_IDENTIFIER ON
GO
CREATE TABLE [dbo].[CreditCards](
	[Id] [int] IDENTITY(1,1) NOT NULL,
	[Number] [nvarchar](max) NULL,
	[HideNumber] [nvarchar](max) NULL,
	[Type] [nvarchar](max) NULL,
	[Name] [nvarchar](max) NULL,
	[Code] [nvarchar](max) NULL,
	[Notes] [nvarchar](max) NULL,
	[ExpirationDate] [datetime] NOT NULL,
	[Category_Id] [int] NULL,
 CONSTRAINT [PK_dbo.CreditCards] PRIMARY KEY CLUSTERED 
(
	[Id] ASC
)WITH (PAD_INDEX = OFF, STATISTICS_NORECOMPUTE = OFF, IGNORE_DUP_KEY = OFF, ALLOW_ROW_LOCKS = ON, ALLOW_PAGE_LOCKS = ON, OPTIMIZE_FOR_SEQUENTIAL_KEY = OFF) ON [PRIMARY]
) ON [PRIMARY] TEXTIMAGE_ON [PRIMARY]
GO
/****** Object:  Table [dbo].[DataBreaches]    Script Date: 17/06/2021 0:12:45 ******/
SET ANSI_NULLS ON
GO
SET QUOTED_IDENTIFIER ON
GO
CREATE TABLE [dbo].[DataBreaches](
	[Id] [int] IDENTITY(1,1) NOT NULL,
	[DateTime] [datetime] NOT NULL,
	[User_Username] [nvarchar](128) NULL,
 CONSTRAINT [PK_dbo.DataBreaches] PRIMARY KEY CLUSTERED 
(
	[Id] ASC
)WITH (PAD_INDEX = OFF, STATISTICS_NORECOMPUTE = OFF, IGNORE_DUP_KEY = OFF, ALLOW_ROW_LOCKS = ON, ALLOW_PAGE_LOCKS = ON, OPTIMIZE_FOR_SEQUENTIAL_KEY = OFF) ON [PRIMARY]
) ON [PRIMARY]
GO
/****** Object:  Table [dbo].[LeakedCreditCards]    Script Date: 17/06/2021 0:12:45 ******/
SET ANSI_NULLS ON
GO
SET QUOTED_IDENTIFIER ON
GO
CREATE TABLE [dbo].[LeakedCreditCards](
	[Id] [int] IDENTITY(1,1) NOT NULL,
	[Number] [nvarchar](max) NULL,
	[DataBreach_Id] [int] NULL,
 CONSTRAINT [PK_dbo.LeakedCreditCards] PRIMARY KEY CLUSTERED 
(
	[Id] ASC
)WITH (PAD_INDEX = OFF, STATISTICS_NORECOMPUTE = OFF, IGNORE_DUP_KEY = OFF, ALLOW_ROW_LOCKS = ON, ALLOW_PAGE_LOCKS = ON, OPTIMIZE_FOR_SEQUENTIAL_KEY = OFF) ON [PRIMARY]
) ON [PRIMARY] TEXTIMAGE_ON [PRIMARY]
GO
/****** Object:  Table [dbo].[LeakedPasswords]    Script Date: 17/06/2021 0:12:45 ******/
SET ANSI_NULLS ON
GO
SET QUOTED_IDENTIFIER ON
GO
CREATE TABLE [dbo].[LeakedPasswords](
	[Id] [int] IDENTITY(1,1) NOT NULL,
	[Password] [nvarchar](max) NULL,
	[DataBreach_Id] [int] NULL,
 CONSTRAINT [PK_dbo.LeakedPasswords] PRIMARY KEY CLUSTERED 
(
	[Id] ASC
)WITH (PAD_INDEX = OFF, STATISTICS_NORECOMPUTE = OFF, IGNORE_DUP_KEY = OFF, ALLOW_ROW_LOCKS = ON, ALLOW_PAGE_LOCKS = ON, OPTIMIZE_FOR_SEQUENTIAL_KEY = OFF) ON [PRIMARY]
) ON [PRIMARY] TEXTIMAGE_ON [PRIMARY]
GO
/****** Object:  Table [dbo].[SharedPasswords]    Script Date: 17/06/2021 0:12:45 ******/
SET ANSI_NULLS ON
GO
SET QUOTED_IDENTIFIER ON
GO
CREATE TABLE [dbo].[SharedPasswords](
	[User_Username] [nvarchar](128) NOT NULL,
	[UserPasswordPair_Id] [int] NOT NULL,
 CONSTRAINT [PK_dbo.SharedPasswords] PRIMARY KEY CLUSTERED 
(
	[User_Username] ASC,
	[UserPasswordPair_Id] ASC
)WITH (PAD_INDEX = OFF, STATISTICS_NORECOMPUTE = OFF, IGNORE_DUP_KEY = OFF, ALLOW_ROW_LOCKS = ON, ALLOW_PAGE_LOCKS = ON, OPTIMIZE_FOR_SEQUENTIAL_KEY = OFF) ON [PRIMARY]
) ON [PRIMARY]
GO
/****** Object:  Table [dbo].[UserPasswordPairDataBreaches]    Script Date: 17/06/2021 0:12:45 ******/
SET ANSI_NULLS ON
GO
SET QUOTED_IDENTIFIER ON
GO
CREATE TABLE [dbo].[UserPasswordPairDataBreaches](
	[UserPasswordPair_Id] [int] NOT NULL,
	[DataBreach_Id] [int] NOT NULL,
 CONSTRAINT [PK_dbo.UserPasswordPairDataBreaches] PRIMARY KEY CLUSTERED 
(
	[UserPasswordPair_Id] ASC,
	[DataBreach_Id] ASC
)WITH (PAD_INDEX = OFF, STATISTICS_NORECOMPUTE = OFF, IGNORE_DUP_KEY = OFF, ALLOW_ROW_LOCKS = ON, ALLOW_PAGE_LOCKS = ON, OPTIMIZE_FOR_SEQUENTIAL_KEY = OFF) ON [PRIMARY]
) ON [PRIMARY]
GO
/****** Object:  Table [dbo].[UserPasswordPairs]    Script Date: 17/06/2021 0:12:45 ******/
SET ANSI_NULLS ON
GO
SET QUOTED_IDENTIFIER ON
GO
CREATE TABLE [dbo].[UserPasswordPairs](
	[Id] [int] IDENTITY(1,1) NOT NULL,
	[EncryptedPassword] [nvarchar](max) NULL,
	[Username] [nvarchar](max) NULL,
	[Site] [nvarchar](max) NULL,
	[Notes] [nvarchar](max) NULL,
	[PasswordStrength] [int] NOT NULL,
	[LastModifiedDate] [datetime2](7) NOT NULL,
	[Category_Id] [int] NULL,
 CONSTRAINT [PK_dbo.UserPasswordPairs] PRIMARY KEY CLUSTERED 
(
	[Id] ASC
)WITH (PAD_INDEX = OFF, STATISTICS_NORECOMPUTE = OFF, IGNORE_DUP_KEY = OFF, ALLOW_ROW_LOCKS = ON, ALLOW_PAGE_LOCKS = ON, OPTIMIZE_FOR_SEQUENTIAL_KEY = OFF) ON [PRIMARY]
) ON [PRIMARY] TEXTIMAGE_ON [PRIMARY]
GO
/****** Object:  Table [dbo].[Users]    Script Date: 17/06/2021 0:12:45 ******/
SET ANSI_NULLS ON
GO
SET QUOTED_IDENTIFIER ON
GO
CREATE TABLE [dbo].[Users](
	[Username] [nvarchar](128) NOT NULL,
	[EncryptedMasterPassword] [nvarchar](max) NULL,
	[PublicKey] [nvarchar](max) NULL,
	[PrivateKey] [nvarchar](max) NULL,
 CONSTRAINT [PK_dbo.Users] PRIMARY KEY CLUSTERED 
(
	[Username] ASC
)WITH (PAD_INDEX = OFF, STATISTICS_NORECOMPUTE = OFF, IGNORE_DUP_KEY = OFF, ALLOW_ROW_LOCKS = ON, ALLOW_PAGE_LOCKS = ON, OPTIMIZE_FOR_SEQUENTIAL_KEY = OFF) ON [PRIMARY]
) ON [PRIMARY] TEXTIMAGE_ON [PRIMARY]
GO
INSERT [dbo].[__MigrationHistory] ([MigrationId], [ContextKey], [Model], [ProductVersion]) VALUES (N'202106170306402_InitialCreate', N'DataManagerDomain.DataManagerContext', 0x1F8B0800000000000400ED1DDB6EE3B8F5BD40FF41D0535BCCC649A640B741B28B5927B30D3A9904F1ECB47D0A18897184912857A2B3318AFDB27DD84FEA2F94B46C89F78B2EB6320D0618C4127978786E3CE7903CFAEFAFBF9D7EFF9CA5C1132CCA244767E1D1C161184014E57182E667E1123F7CF36DF8FD77BFFFDDE9459C3D079FB7EDDED276A4272ACFC2478C17279349193DC20C940759121579993FE08328CF2620CE27C787877F9D1C1D4D200111125841707ABB4438C9E0FA07F939CD5104177809D2AB3C8669B9794EDECCD650838F2083E50244F02C3C07185C0104E6B038CF3390A03078972680203283E943180084720C3041F3E4A712CE7091A3F96C411E80F4D36A0149BB0790967083FE49D3DC752687C7742693A6E31654B42C31C1C80FE0D1DB0D692662F756040E6BD211E25D1022E3159DF59A8067E1146038CF8B551888839D4CD3823654D0F760DBEB4D20BD7B538B04911CFAEF4D305DA67859C0330497B800E99BE066799F26D1DFE1EA53FE05A233B44C53164B822779C73D208F6E8A7C010BBCBA850F1BDC2FE33098F0FD2662C7BA1BD3A79AD525C26F8FC3E023191CDCA7B016028602339C17F047886041E61BDF008C6181280CB826A334BA3016FD7F3B1A913AA23F6170059E3F4034C78F6721F9330CDE27CF30DE3ED960F0134A88BA914EB8584269908FE02999AFF1138623B25D84C12D4CD72FCBC7645129C0017D71B76159024B32689167B779BAE9C3BCBAFB048A39C404E95CFD7E962F8B48C0E974D2489551D62A047DE48CF6D8AF8C510CD09A8FBE92D6F4D44AC0D1F1B74E1220C9A859EE2E5054AC164462AF404924F60694E5CF7911F72F8AC2B835C9871FA9489E88500E329456BF580DEAA6655B2DD269D9560B5D31A30AF2430101590ED4B8350DEE2A256C70135E4916407CAFB20026DC668FA0A0B6B3924103E9A48602FD84F76A228A8D549474B657CDD4FDAC56D3EF757D348D4568033F258D856C7EDB0C9E56DA3E40F005C6532203099E029DBC3132ADE8A0D40DA99D247FC6C6BE1A2D41B87ED02EEF4DAB3BDE103413D13491945DD7CE57E92BF4CD4A2FD14BA9FAFA56760698CD801D7F4AF12D8C1B90142626886DB5AC303654FA5FFAD6BE6CD162EFB13E18A8CEAD1FAD2CAE28F67E7657ECFD6A7D8DD1C932BBA7ACEED57F72E6745B1EBF72778FDC9587F95B12C31D0D45C10F3EC83021BB18489096C3CF24C774E11978948BE74552AC05963A6F3D3A724D5ECAECF134ED94DECEF6B5B46CA9DAF41E7675F0CC0CF82A1D860ECB6D931FF05F6CB77D5F8DB1315D314C06C62BF1C67A91FE4938B6F72BAF9D926F3B4BBB39241AFB196896E0AF65DDDA32870CB086520F48CDB6F8B2F23C3C93B01F4089AFF238794860BCCBB5518A18552BA4B69132ABA66ED9FB6AD953086D9D8175FDB485D0E53F12FCF82E8A60D9633A53B9F3A2CB79BAAD02CB8C5903D4427D59BE4FC1BCD901F5591754107B5C1B8842C7B04857C400B0B69BE7D315A4B1C7668AB79018DBCF205D92BF0F2596724DAF0B80E6B06E7D646EFD2F98A6F9CF75EB6373EB0FC9FC11FF584088EA1E6FCD3DCE41F185EFF06799C71537D987EFCA328F92359F18E964F720F8312F501C5836241A2358E581AE08A79205E10D113042D4830399527AA8B54837501B63C443FE93385F666EE6291B73B93A4CDD12BB0DDAEC4E8017499C92C2CC407202AC2F3AA962261DD6C6008A61A62B9A56E01E922213BC1D11B8C5C50157F51AD32331D479601719EC51799AF5CA59A21509F9211447B1528A6AD378DC7DD147EF4C996CA0C5B3E26D2C1F97B94B8EDD311B5A99CCFE9A33DE36C5EA95487B56B2F5A2EA20F2FC4E4B0BF48C8015F3765BED3D8543F2818D8E83767FDF8CA58DFD7A47BBB58869C95039E2D31C61E2F732DE5DED11D357F0192BFC6C82C2C6D52E3711AC38290A7A06B1E2304AE3FF4BEA2E918687B28E6614002A425B3AF3E199048395550B24C526BC044EF68C2C40CDE03C0049BBD31ADC9AE5C781EADCBEB28603BC480A401911E42173679098569A634A62C6CD1E24D4D3A9E567E20E64AB7D0C10165F31B3C7CFD28102E6A31D3239DCC307FF00829923AF2B067A39050C0C60C5243BD350B9BD2293CE1A5138C714AC30E867E21C450C255BDAED1C236DF45E9157A8D18D464ABFC7513EFBD042C67A3AE8A0C663F08D437AD13FD97190B48F995C67CA19D2B76A5BEE109E780628827D17562A8BAD3787244369A62575EC4039472D758B5EFAA3E0FEF4B672018DCA2A47334EF14C47B5E442189B2FD25296E4ECBDC691324638EE318EBF4BA58B6A7C44CF409CEDA6421DCBD4EF4E27D505ACCD83D389E6A6D6E915582C1234676E6E6D9E04B3EADAD6F49B99FF85A6AC8231894AC5BDA61ADB7A249C1724EE12DE562770DE138A602A57F780EE7C4CE34C6AA688DC349EFD7640293893D9B875F4B75DE8DF52A028DCB312C134C47C4FE6974184D75385B27D55740DE81D3A908242B14B3ECDD36586743BEDA6DED5C929B6FF47C5B5994A6404DC451A4D242209622B92DD8929956275E387CAE239F042DD4D47C9663F9FA5A6EE22920992F622100B58DBC87D1CE6E20F0B9979EC018BB9DAC301639E8F46A62C5E838F6831E9127F0133751E46DD9B630C2C8CE6E96858E412D5FBF049CA43F973CB0E622013BD39A8CB19E9CDB3D1F0AB3F4E75E2D1D8B9A383C21EC86621B1CFDDA15587445838D59321DC021D84EAB4340BA17AE2814375A48C43A27AE4B1940A079DB9155478371A5DB26753FC2D5FED1FB4B57B7A00C3E895DAEB31B9397B7450F978ADBBB3CA6D21B4735CCD2086E199E210ADD2656DE3ACF6E75E57E7615928D593DD5A26F928AB4ACE9BB7EE90E523AC2C64F9EDEE3589CF5FC8EAC4ED85D974856BEC1A4ED3BC8C42C014FB6632713CC5F34E2FA3944E351AFE186E92478E18BAA8B611A1698E886F45CF0A5C96F410747DFAD479C662E6CA5B38CCDB846E719AAAA7AFABAF608ECBD6624B4E31A0BD99E689E81845CA38FDCE22A5DC35758B4F980EEE71888223864DD1968CA8C1F4202F861DE051898961CE7D0A09BFF7E128287C27BDB0E8134266C6A8B6B3DA8A4E03B55FE151ED89EDDA20F6BF00317B4D5ECB0FD3CF2FDE72B1E8D24ED538171E691B6C54F664D865C77060C02738342C41B62050E3601A4F028C6039B21E841895100DB928594E4F7889917981129B7B2D534E672F5A324D823D84807D6D0B577544C471B5AA1ABB6F5C99ED3E7B08644481B5E6C8CBA82CC9B081B5FAF48C35F522F550598E960B91EED4CD88E4C674A4673F16CD2E08D21121B1499DFCDB3CA97FD7478436C773EC159EA5F33A55933020B83F25313DAB335B9518666B8B7330FB773A4D138870D380C85CF2004B5C5D300E8F0F8F8E852AD1E3A9D83C29CB98AB8D6128DBCC336D071534124A556B8D0CCF6209D59E6035007A02454454E10F1978FE230BC9B51606A3963C44C5B59B4B14C3E7B3F03FEBEE27C1E53FEF38086F82EB8208CF497018FC2257EE35A1D6B528728DD82FFBAD5ADCD04E3FFB3E8A1277E2BA5478B81B34A9B8B007B836C565BF0E1D6ECEFE5483C4E437762A74F2E275D89CE57FB11CE50BFB75D229215E6190766027D79967672FEC7B659C1E945CE0B11338B688632740BD790C6C31C66E18B185AB3A415217556C6D4FB9D4919FE6315D07D03B537EFAC5EA5EAF8ECDA8CDA6391C7FB10CD416F0EB1C98A8FC9956C0D8427C23B159BA827A6B16F5543A6F6B018F69580FA3A4FAF0D45FBE1E8368DFBF75D32ADBD6ABDCC3B24765534961404F9AB29D7554750D410636970A345ADBCB6E3C76CBEFF5CE69E5B07E845680F8CAB9DEC74A694B38B79210377EEF2118774E14EC55167542A02987E45898B16B1946FE00805FE145028808102CA8EF04D2698E4A5C80443EB77B5324284A162065F196772ADC339394983550F1CD395C4044FD397186AE231A776A6AE8826AD808B1BB2295FD94D4932B28B52F3CD9564E8CB71C5DC2032F3971B8ABE7B940EE485EBC8A75FAA8BBCD74A8856370B1F052E88E42E1290E962347BB1506EB89972EBC3C92F6D3AFD1394C2186C1BBA8DA0B9D823202F2E5BBF536B21D0F8D4153371846CEFC78DF9BA4799A3DEBD1D93D4A9DEA54429745EBFF40EA76BBE8B596BA312C7CAEA5C0067793A4AF777897197E19D262BDD43B4E3971AC7C36909B2417E7EC54AF78F42E93C34DE2313A4EFE0786FBE2F1408B9A218368C26EF005AE957CF42C939E66D3F178E4DEA5F485B85B6395CCDD2EA61D65720C0BABB1BC63CF894A6FE17D91C9CA168669DFE94AE753F3BE0231A0F5B1AED73BF2CB762B5C2ED7225E96985916BCB1BA656312BF7DB862AD85701F4E987071853909C817851519AEFC04C7CAF8018EEAA2CA5918DFE74424AA9D4443E96B718CCA884AF03797E914B0E91B3B5876899580B32F5543186B4E8B23C9FB4AD2787213D5A8F60F1D48FC310D6A1BCE6720312DA49961D3403F3F7D29799564F0F64429257C139DC498CB44EB096B9423753333B1BD64CB144D588961C349DFDE11334706B93149BA1F2920C05FD6D31C3AE8FC3518A9BCB8C25AAB326EAA3A5A968BA70ED333576292E7EABE09AF8D52D437974D44D0D93F7575A8EE4419E6DB2D3E9CD46CC368BE60D2EF9455093EF7AFB3682E0677998EC39E94AD7ECF7004DA7E33C09D40EA2BC9BD29CBBE08642AAAE36047FC3E57D3DE8A881E86AAC84F7762182AC3A8D70FDF2FD0B4B726BA25555DA666005238DA9736954AFA9AA6735AD6AD2CCBD044D4DB20FFBC788F0A3706C249C5538CA6489577EAE4BE7913B0A76FED58F4CAB19A47A7A99BDC777D359281C861D610C7AA2183599721C9E4F11122B992C8E9E47689E86DA1EAD7392C9379038296CA4130E21243759B4BF4906F93550246DB26C249F42B88414C14E35D8193071061F23A826599A079187C06E99234B9C8EE617C89AE9778B1C464CA30BB4FB9D58EE6B94CE3AFBFB4C4E37C7ABDA0BFCA3EA640D04CE805AB6BF4C33249E31AEFF78A63EF1A103481B6B988477989E985BCF9AA86F431478E8036E4ABF37E9F60B64809B0F21ACDC0136C831B11C30F700EA2D5B6208C1E889D113CD94FCF13302F40566E6034FDC94F22C371F6FCDDFF00A9E8095958A10000, N'6.4.4')
GO
SET IDENTITY_INSERT [dbo].[Categories] ON 
GO
INSERT [dbo].[Categories] ([Id], [Name], [User_Username]) VALUES (1, N'personal', N'andrea')
GO
INSERT [dbo].[Categories] ([Id], [Name], [User_Username]) VALUES (2, N'trabajo', N'andrea')
GO
INSERT [dbo].[Categories] ([Id], [Name], [User_Username]) VALUES (3, N'estudio', N'andrea')
GO
INSERT [dbo].[Categories] ([Id], [Name], [User_Username]) VALUES (4, N'entretenimiento', N'andrea')
GO
INSERT [dbo].[Categories] ([Id], [Name], [User_Username]) VALUES (5, N'gastronomia', N'andrea')
GO
INSERT [dbo].[Categories] ([Id], [Name], [User_Username]) VALUES (6, N'redes sociales', N'cecilia')
GO
INSERT [dbo].[Categories] ([Id], [Name], [User_Username]) VALUES (7, N'empresarial', N'cecilia')
GO
INSERT [dbo].[Categories] ([Id], [Name], [User_Username]) VALUES (8, N'juegos', N'cecilia')
GO
INSERT [dbo].[Categories] ([Id], [Name], [User_Username]) VALUES (9, N'personal', N'cecilia')
GO
INSERT [dbo].[Categories] ([Id], [Name], [User_Username]) VALUES (10, N'musica', N'cecilia')
GO
INSERT [dbo].[Categories] ([Id], [Name], [User_Username]) VALUES (11, N'entretenimiento', N'pedro')
GO
INSERT [dbo].[Categories] ([Id], [Name], [User_Username]) VALUES (12, N'educación', N'pedro')
GO
INSERT [dbo].[Categories] ([Id], [Name], [User_Username]) VALUES (13, N'creatividad', N'pedro')
GO
INSERT [dbo].[Categories] ([Id], [Name], [User_Username]) VALUES (14, N'noticias', N'pedro')
GO
INSERT [dbo].[Categories] ([Id], [Name], [User_Username]) VALUES (15, N'trabajo', N'pedro')
GO
INSERT [dbo].[Categories] ([Id], [Name], [User_Username]) VALUES (16, N'facultad', N'ismael')
GO
INSERT [dbo].[Categories] ([Id], [Name], [User_Username]) VALUES (17, N'social', N'ismael')
GO
INSERT [dbo].[Categories] ([Id], [Name], [User_Username]) VALUES (18, N'negocio', N'ismael')
GO
INSERT [dbo].[Categories] ([Id], [Name], [User_Username]) VALUES (19, N'personal', N'ismael')
GO
INSERT [dbo].[Categories] ([Id], [Name], [User_Username]) VALUES (20, N'peliculas', N'ismael')
GO
INSERT [dbo].[Categories] ([Id], [Name], [User_Username]) VALUES (21, N'enciclopedia', N'henry')
GO
INSERT [dbo].[Categories] ([Id], [Name], [User_Username]) VALUES (22, N'correo electrónico', N'henry')
GO
INSERT [dbo].[Categories] ([Id], [Name], [User_Username]) VALUES (23, N'empresarial', N'henry')
GO
INSERT [dbo].[Categories] ([Id], [Name], [User_Username]) VALUES (24, N'personal', N'henry')
GO
INSERT [dbo].[Categories] ([Id], [Name], [User_Username]) VALUES (25, N'restaurante', N'henry')
GO
SET IDENTITY_INSERT [dbo].[Categories] OFF
GO
INSERT [dbo].[CreditCardDataBreaches] ([CreditCard_Id], [DataBreach_Id]) VALUES (1, 1)
GO
INSERT [dbo].[CreditCardDataBreaches] ([CreditCard_Id], [DataBreach_Id]) VALUES (6, 1)
GO
INSERT [dbo].[CreditCardDataBreaches] ([CreditCard_Id], [DataBreach_Id]) VALUES (16, 2)
GO
INSERT [dbo].[CreditCardDataBreaches] ([CreditCard_Id], [DataBreach_Id]) VALUES (15, 3)
GO
SET IDENTITY_INSERT [dbo].[CreditCards] ON 
GO
INSERT [dbo].[CreditCards] ([Id], [Number], [HideNumber], [Type], [Name], [Code], [Notes], [ExpirationDate], [Category_Id]) VALUES (1, N'4916218068849267', N'XXXX XXXX XXXX 9267', N'Clásica', N'Visa', N'123', N'', CAST(N'2024-10-28T00:00:00.000' AS DateTime), 1)
GO
INSERT [dbo].[CreditCards] ([Id], [Number], [HideNumber], [Type], [Name], [Code], [Notes], [ExpirationDate], [Category_Id]) VALUES (2, N'4024007192657921', N'XXXX XXXX XXXX 7921', N'Gold', N'Visa', N'1224', N'', CAST(N'2022-07-28T00:00:00.000' AS DateTime), 7)
GO
INSERT [dbo].[CreditCards] ([Id], [Number], [HideNumber], [Type], [Name], [Code], [Notes], [ExpirationDate], [Category_Id]) VALUES (3, N'4361294783638392', N'XXXX XXXX XXXX 8392', N'Platinum', N'Visa', N'125', N'Expira pronto', CAST(N'2021-06-28T00:00:00.000' AS DateTime), 12)
GO
INSERT [dbo].[CreditCards] ([Id], [Number], [HideNumber], [Type], [Name], [Code], [Notes], [ExpirationDate], [Category_Id]) VALUES (4, N'4485637790109586', N'XXXX XXXX XXXX 9586', N'Infinite', N'Visa', N'126', N'', CAST(N'2022-08-28T00:00:00.000' AS DateTime), 18)
GO
INSERT [dbo].[CreditCards] ([Id], [Number], [HideNumber], [Type], [Name], [Code], [Notes], [ExpirationDate], [Category_Id]) VALUES (5, N'4556862250046151', N'XXXX XXXX XXXX 6151', N'Gold', N'Visa', N'127', N'', CAST(N'2021-09-28T00:00:00.000' AS DateTime), 23)
GO
INSERT [dbo].[CreditCards] ([Id], [Number], [HideNumber], [Type], [Name], [Code], [Notes], [ExpirationDate], [Category_Id]) VALUES (6, N'5147550105725433', N'XXXX XXXX XXXX 5433', N'Standard', N'MasterCard', N'128', N'', CAST(N'2024-01-28T00:00:00.000' AS DateTime), 3)
GO
INSERT [dbo].[CreditCards] ([Id], [Number], [HideNumber], [Type], [Name], [Code], [Notes], [ExpirationDate], [Category_Id]) VALUES (7, N'5330651416826402', N'XXXX XXXX XXXX 6402', N'Gold', N'MasterCard', N'129', N'', CAST(N'2021-07-28T00:00:00.000' AS DateTime), 7)
GO
INSERT [dbo].[CreditCards] ([Id], [Number], [HideNumber], [Type], [Name], [Code], [Notes], [ExpirationDate], [Category_Id]) VALUES (8, N'5562885259474669', N'XXXX XXXX XXXX 4669', N'Platinum', N'MasterCard', N'1303', N'', CAST(N'2023-02-28T00:00:00.000' AS DateTime), 12)
GO
INSERT [dbo].[CreditCards] ([Id], [Number], [HideNumber], [Type], [Name], [Code], [Notes], [ExpirationDate], [Category_Id]) VALUES (9, N'5328714408781664', N'XXXX XXXX XXXX 1664', N'World Elite', N'MasterCard', N'131', N'', CAST(N'2023-10-28T00:00:00.000' AS DateTime), 19)
GO
INSERT [dbo].[CreditCards] ([Id], [Number], [HideNumber], [Type], [Name], [Code], [Notes], [ExpirationDate], [Category_Id]) VALUES (10, N'5291781617071883', N'XXXX XXXX XXXX 1883', N'Standard', N'MasterCard', N'132', N'', CAST(N'2022-05-28T00:00:00.000' AS DateTime), 24)
GO
INSERT [dbo].[CreditCards] ([Id], [Number], [HideNumber], [Type], [Name], [Code], [Notes], [ExpirationDate], [Category_Id]) VALUES (11, N'6011349727820909', N'XXXX XXXX XXXX 0909', N'It Cash Back', N'Discover', N'133', N'', CAST(N'2024-03-28T00:00:00.000' AS DateTime), 9)
GO
INSERT [dbo].[CreditCards] ([Id], [Number], [HideNumber], [Type], [Name], [Code], [Notes], [ExpirationDate], [Category_Id]) VALUES (12, N'6011115000686030', N'XXXX XXXX XXXX 6030', N'It Secured', N'Discover', N'1342', N'', CAST(N'2021-09-28T00:00:00.000' AS DateTime), 15)
GO
INSERT [dbo].[CreditCards] ([Id], [Number], [HideNumber], [Type], [Name], [Code], [Notes], [ExpirationDate], [Category_Id]) VALUES (13, N'6011149143312923', N'XXXX XXXX XXXX 2923', N'It Student Chrome', N'Discover', N'135', N'', CAST(N'2022-03-28T00:00:00.000' AS DateTime), 16)
GO
INSERT [dbo].[CreditCards] ([Id], [Number], [HideNumber], [Type], [Name], [Code], [Notes], [ExpirationDate], [Category_Id]) VALUES (14, N'6011316819936661', N'XXXX XXXX XXXX 6661', N'It Travel', N'Discover', N'136', N'', CAST(N'2024-06-28T00:00:00.000' AS DateTime), 23)
GO
INSERT [dbo].[CreditCards] ([Id], [Number], [HideNumber], [Type], [Name], [Code], [Notes], [ExpirationDate], [Category_Id]) VALUES (15, N'6011656928043572', N'XXXX XXXX XXXX 3572', N' It Gas & Restaurant', N'Discover', N'1374', N'Descuentos en restaurantes', CAST(N'2021-11-28T00:00:00.000' AS DateTime), 5)
GO
INSERT [dbo].[CreditCards] ([Id], [Number], [HideNumber], [Type], [Name], [Code], [Notes], [ExpirationDate], [Category_Id]) VALUES (16, N'3484360934874913', N'XXXX XXXX XXXX 4913', N'Platinum', N'American Express', N'138', N'', CAST(N'2022-01-28T00:00:00.000' AS DateTime), 2)
GO
INSERT [dbo].[CreditCards] ([Id], [Number], [HideNumber], [Type], [Name], [Code], [Notes], [ExpirationDate], [Category_Id]) VALUES (17, N'3407242500592472', N'XXXX XXXX XXXX 2472', N'Gold Elite', N'American Express', N'139', N'', CAST(N'2021-07-28T00:00:00.000' AS DateTime), 9)
GO
INSERT [dbo].[CreditCards] ([Id], [Number], [HideNumber], [Type], [Name], [Code], [Notes], [ExpirationDate], [Category_Id]) VALUES (18, N'3490687904959534', N'XXXX XXXX XXXX 9534', N'Gold', N'American Express', N'1405', N'', CAST(N'2022-08-28T00:00:00.000' AS DateTime), 15)
GO
INSERT [dbo].[CreditCards] ([Id], [Number], [HideNumber], [Type], [Name], [Code], [Notes], [ExpirationDate], [Category_Id]) VALUES (19, N'3742435629842495', N'XXXX XXXX XXXX 2495', N'Platinum', N'American Express', N'141', N'', CAST(N'2023-12-28T00:00:00.000' AS DateTime), 18)
GO
INSERT [dbo].[CreditCards] ([Id], [Number], [HideNumber], [Type], [Name], [Code], [Notes], [ExpirationDate], [Category_Id]) VALUES (20, N'3716665383309361', N'XXXX XXXX XXXX 9361', N'Gold Elite', N'American Express', N'142', N'', CAST(N'2024-02-28T00:00:00.000' AS DateTime), 24)
GO
SET IDENTITY_INSERT [dbo].[CreditCards] OFF
GO
SET IDENTITY_INSERT [dbo].[DataBreaches] ON 
GO
INSERT [dbo].[DataBreaches] ([Id], [DateTime], [User_Username]) VALUES (1, CAST(N'2020-09-24T16:16:11.000' AS DateTime), N'andrea')
GO
INSERT [dbo].[DataBreaches] ([Id], [DateTime], [User_Username]) VALUES (2, CAST(N'2021-03-13T16:21:07.320' AS DateTime), N'andrea')
GO
INSERT [dbo].[DataBreaches] ([Id], [DateTime], [User_Username]) VALUES (3, CAST(N'2021-06-16T16:25:07.780' AS DateTime), N'andrea')
GO
SET IDENTITY_INSERT [dbo].[DataBreaches] OFF
GO
SET IDENTITY_INSERT [dbo].[LeakedCreditCards] ON 
GO
INSERT [dbo].[LeakedCreditCards] ([Id], [Number], [DataBreach_Id]) VALUES (1, N'5147 5501 0572 5433', 1)
GO
INSERT [dbo].[LeakedCreditCards] ([Id], [Number], [DataBreach_Id]) VALUES (2, N'4916 2180 6884 9267', 1)
GO
INSERT [dbo].[LeakedCreditCards] ([Id], [Number], [DataBreach_Id]) VALUES (3, N'3484 3609 3487 4913', 2)
GO
INSERT [dbo].[LeakedCreditCards] ([Id], [Number], [DataBreach_Id]) VALUES (4, N'6011 6569 2804 3572', 3)
GO
SET IDENTITY_INSERT [dbo].[LeakedCreditCards] OFF
GO
SET IDENTITY_INSERT [dbo].[LeakedPasswords] ON 
GO
INSERT [dbo].[LeakedPasswords] ([Id], [Password], [DataBreach_Id]) VALUES (1, N'JUEPX', 1)
GO
INSERT [dbo].[LeakedPasswords] ([Id], [Password], [DataBreach_Id]) VALUES (2, N'FRO41606KK0676A', 1)
GO
INSERT [dbo].[LeakedPasswords] ([Id], [Password], [DataBreach_Id]) VALUES (3, N'eK!9ikfH2._3*lZAsr4', 1)
GO
INSERT [dbo].[LeakedPasswords] ([Id], [Password], [DataBreach_Id]) VALUES (4, N'JUEPX', 2)
GO
INSERT [dbo].[LeakedPasswords] ([Id], [Password], [DataBreach_Id]) VALUES (5, N'bTCRnXMdXIvYgArX', 2)
GO
INSERT [dbo].[LeakedPasswords] ([Id], [Password], [DataBreach_Id]) VALUES (6, N'406Y85TYEW89FEO', 2)
GO
INSERT [dbo].[LeakedPasswords] ([Id], [Password], [DataBreach_Id]) VALUES (7, N'DgfMZ`In;rAl}HMPNE', 3)
GO
INSERT [dbo].[LeakedPasswords] ([Id], [Password], [DataBreach_Id]) VALUES (8, N'2X7XU0QIZZXK80R', 3)
GO
INSERT [dbo].[LeakedPasswords] ([Id], [Password], [DataBreach_Id]) VALUES (9, N'2|]32$2R(D;', 3)
GO
INSERT [dbo].[LeakedPasswords] ([Id], [Password], [DataBreach_Id]) VALUES (10, N'58784', 3)
GO
SET IDENTITY_INSERT [dbo].[LeakedPasswords] OFF
GO
INSERT [dbo].[UserPasswordPairDataBreaches] ([UserPasswordPair_Id], [DataBreach_Id]) VALUES (1, 1)
GO
INSERT [dbo].[UserPasswordPairDataBreaches] ([UserPasswordPair_Id], [DataBreach_Id]) VALUES (3, 1)
GO
INSERT [dbo].[UserPasswordPairDataBreaches] ([UserPasswordPair_Id], [DataBreach_Id]) VALUES (5, 1)
GO
INSERT [dbo].[UserPasswordPairDataBreaches] ([UserPasswordPair_Id], [DataBreach_Id]) VALUES (1, 2)
GO
INSERT [dbo].[UserPasswordPairDataBreaches] ([UserPasswordPair_Id], [DataBreach_Id]) VALUES (8, 2)
GO
INSERT [dbo].[UserPasswordPairDataBreaches] ([UserPasswordPair_Id], [DataBreach_Id]) VALUES (19, 2)
GO
INSERT [dbo].[UserPasswordPairDataBreaches] ([UserPasswordPair_Id], [DataBreach_Id]) VALUES (12, 3)
GO
INSERT [dbo].[UserPasswordPairDataBreaches] ([UserPasswordPair_Id], [DataBreach_Id]) VALUES (16, 3)
GO
INSERT [dbo].[UserPasswordPairDataBreaches] ([UserPasswordPair_Id], [DataBreach_Id]) VALUES (18, 3)
GO
INSERT [dbo].[UserPasswordPairDataBreaches] ([UserPasswordPair_Id], [DataBreach_Id]) VALUES (24, 3)
GO
SET IDENTITY_INSERT [dbo].[UserPasswordPairs] ON 
GO
INSERT [dbo].[UserPasswordPairs] ([Id], [EncryptedPassword], [Username], [Site], [Notes], [PasswordStrength], [LastModifiedDate], [Category_Id]) VALUES (1, N'dJWiqBGeuuqhBvInRpugRWKlcXCLQjZZSCb1lyedKJ69wpZhQg+8H+FqVB3MWXgqCdICCUPndUeLBlaP6h69GFvwjetxGDYXG8ylXvjHbZhVVP83b1eGHcTqqno9PYdKYwpHzLvq0PeJIR7yszCI6SA0e+1E27LN7wWYLYIOtu2Q36EVEiJ+K08RNsjW5gWzlABGvuYPce7zAXfQpslJlcknkDDFZfdq2JMoaZIRFEN8mvahqBqcxPFLDtWGARo1P3pQPZ8i5O3Np4nd8Twl6Gs/2kqtNMFTvOQqx8UHKnCGKDlr+58yN1gbeYR7UcatAxhOfcdriYviFqpWVcGeCA==', N'andrea1', N'www.gaia.com', N'', 0, CAST(N'2021-06-16T16:26:13.3705618' AS DateTime2), 1)
GO
INSERT [dbo].[UserPasswordPairs] ([Id], [EncryptedPassword], [Username], [Site], [Notes], [PasswordStrength], [LastModifiedDate], [Category_Id]) VALUES (2, N'fsi419j8QaLi0m3Eqggd8opVHustz9dllY7qW8H8boYRiz+Sx0tSM5TG1RlE1cBZZrPdCPZfth2l5xKDe7RjVNyQhyFoKoBVEzCdeMSrhxHtEAporQastMWRODTfCzDXyrp2tzh8m7vvGMhMJVPKWaV5su4p/wo18lk45M+lro+cSFJC3GbZLRVXHg65ft3TYCWcsUVYCNPf+dD/PXeaCrmjZyNQ20Mrpfl9FqPK5tvaVRn5gkslGoe/xy9xfVa6d5SYmkSJBc2NG9Tkrb5e530lPD3JzeIFcDk91poy3Plaz4WS9xpn1/NWj5RAHo/QUJlVwGr6fYDNylgsFO9BnA==', N'andrea2', N'www.emin.com', N'', 1, CAST(N'2021-06-11T11:33:40.7870108' AS DateTime2), 1)
GO
INSERT [dbo].[UserPasswordPairs] ([Id], [EncryptedPassword], [Username], [Site], [Notes], [PasswordStrength], [LastModifiedDate], [Category_Id]) VALUES (3, N'UJeTITptDXAY+KEqOicR83eqIvietMb8bExxtv6o9ecc9tiYrMmz2V48b9l8JWBAExhPRdw05vcDigTa4sTA8NL4pf71knWrIdbzYj1G3JoIEZN0gANVWpztPQ+bBbTqA2XW6gJVN6Rm4vA+TIVWS/6rZrE9CYkJ4dK+G9xT0SWAzldGVVF7RQKuKKClLahiUydXAyuAPAzgmGpS9PRVdy6hYcHSFIufmPhFwpYgd9g1AWo8GbY9vz5BkGyiHRvFG6+zrGboRxuZQ0CTn7kX/3hNoQ3Da+PPGMiJZa+ynBwo9QN67e3rOsnQxHPLSJ8TrYTpQ0ePFGqPY7QGWRDrxw==', N'andrea3', N'www.indigo.com', N'', 2, CAST(N'2019-04-18T11:34:34.8780268' AS DateTime2), 1)
GO
INSERT [dbo].[UserPasswordPairs] ([Id], [EncryptedPassword], [Username], [Site], [Notes], [PasswordStrength], [LastModifiedDate], [Category_Id]) VALUES (4, N'12NPZhkE6iJTdxQ3FwYQqdfO8SmxFi8QFj5HUd1Xyx3nyP4g1js1DWwUzhD+BCKzffnj9Xu3dD1uRSr5xifHOS9CpA2KmPUvr5y6Y1888aIgf+Emhj1jQeUIh15qbTv2XEtVDFEpiC8eAU2jqz8sFXH6qanCoeQfrYuza2miC7Z5QP5NfSKEWTFQs8l9pk9sUX0FzdtkO83hTqF0m2Hh4iqtSfiTHtdAgLqFib9g+gEwgY/XB66lg+cImXajGhp6LKqIOwHu7+4sSSy4QYyuqir6PnNJUTxozANb9JSRKrhmIWFnCbPGXssQj/U+I3zRieUiO7rT6jk1tHobzQhXPg==', N'andrea4', N'www.amilu.com', N'', 3, CAST(N'2020-05-02T11:35:06.4006802' AS DateTime2), 1)
GO
INSERT [dbo].[UserPasswordPairs] ([Id], [EncryptedPassword], [Username], [Site], [Notes], [PasswordStrength], [LastModifiedDate], [Category_Id]) VALUES (5, N's/NJJlHq12On45hqty0iyd1CNuBOgRmhxT6JQO4CTM3oAUPmBAnfnVILqNyldQOieYHT+TQgsmrU4nJHbBMve1RNNs3eTTMpgWeovB47VsLlgTzxgeZljAf0qgQN56nLs+QEU3W2tzqW+5JWU57cGDwl0A+YuISsK/OX0K5DbWBvcMsAeIA6up/ZuFBqF3pKK9sf7/tyeMos7BRrVOs36OFILl45xs3h9eDlOFn/MG8wSZKi5WN+ERueK1k24Tv3oRK8MfduAlsBj4M3MeWgx0wk5/dYkgsKn+/u/g2TwpxbYnbB9aTHpXix28EyaPaF+s0Z7ycGLMv9/n0C5mb57A==', N'andrea5', N'www.linus.com', N'', 4, CAST(N'2020-01-13T11:35:25.9106237' AS DateTime2), 1)
GO
INSERT [dbo].[UserPasswordPairs] ([Id], [EncryptedPassword], [Username], [Site], [Notes], [PasswordStrength], [LastModifiedDate], [Category_Id]) VALUES (6, N'OuNiEtgP+w0rARAma91ideaqJHa6LGguiTI/1jF2dxUeV8z9ToAFxY5mO2NoPVkVVd9HRoAMQjCMW13wwmXPP36lyvEOcn3pbHPqIGjdvkJfalLxw1ZwkoZQ/u+6Jr7H0e7+jhGZ0yiSFuIMKgBgVeMtj2bP+GVq/pLRW/mO8Ym5sSeuhSYii93SzJYymsWAYCFLjT2cyKfxMxcRveTITX4pb5cVQw+k33syUdIV2QX6ATkZBtse5Z9/3hytf4w9l+s8TuRWxclAh7q2m2Kw3d5835D+KSp5l9eM8MG//Aq3s02gUdCmd5UGXp0YabRZJAFSGhcMzj7YqrRXKZ3vAA==', N'andrea6', N'www.gmail.com', N'', 0, CAST(N'2020-11-02T11:36:25.0545833' AS DateTime2), 2)
GO
INSERT [dbo].[UserPasswordPairs] ([Id], [EncryptedPassword], [Username], [Site], [Notes], [PasswordStrength], [LastModifiedDate], [Category_Id]) VALUES (7, N'hW/y6LGVRB0ihRYaI8lYT7c7Gqoux8Loy2QFgR4wecwmKI6893Rfg/6FI3+xn3B4JPAJIHNZPc0VFw1w+vqYgBjWjbVG96/+EenQ6XdV9yhck2eAoW/GwN/kIFiFQmI/CVLJ1ujASzGACF31mGnZiSaCzW06PvmaqSzHj1FozxPi6vSkkaWIIEYiJbTcmjdDY8A6b1Ne2XtRpbvJHwA1Ef9i50Llkjdy3JpILu4LtpyEjn3Rc6tIKKrcu7WnoojVPCKgbbu7BeXxzAe+/+XfDzu4/uMlrNAhwa8ecUPgBVnOhc7lskr76Cq6/D7ceC6s/8Fbxbc1SkzkFAFK2MhuuA==', N'andrea7', N'www.outlook.com', N'', 1, CAST(N'2021-06-16T11:37:07.3012703' AS DateTime2), 2)
GO
INSERT [dbo].[UserPasswordPairs] ([Id], [EncryptedPassword], [Username], [Site], [Notes], [PasswordStrength], [LastModifiedDate], [Category_Id]) VALUES (8, N'hrhuE4M6VNGMS3ABndPOFTgGEQ3F0B6t8l/ryoTsmnfdQI19b/sSVnUtqdlTsBpRSYcKeUivG1vGWOzBShuZ2aLNy46uI3mFTTdhnSy69wz6iB0AZYlUhtSsaR1jaPkcFUutgL6ah6ymAMCJ7Hk7JMOmaaF1xJ31ly6JExv90/59jDVHGQfMjopLU9z9LEMAIfdZKzZqA2ZVAW+wlo1N3/tCsLNn/5a4/G1MyAapxsCgqKhtNyFbJmFkiXumFNPmT5OwHrJ7rAO68bc3NBF3s+e19CcNhoGJuJ2wHbYkyG0Z5/Sqsrl7VQNcQUpmouGPsSov4bWYGd804tF8n+JoSQ==', N'andrea8', N'www.zoom.us', N'', 2, CAST(N'2020-03-20T11:40:37.3151474' AS DateTime2), 2)
GO
INSERT [dbo].[UserPasswordPairs] ([Id], [EncryptedPassword], [Username], [Site], [Notes], [PasswordStrength], [LastModifiedDate], [Category_Id]) VALUES (9, N'eNSnxjK9g75/GLCSWOaolYVM68yZVDg6VG5fvmZNlAnn2i9sCFcr/P4GHi/eFbszMxfBHOZ4C67Lh7hiXnebs4gedCp6K+iZvJxJko6BNmQxQGVbxxmu5Ss5c8zVoM4mIxeuMJ0o8s2Pkc4vDrY+dzRhTgsllwk2x3K6k4SHA+tXSES4TTUKlDbOIOKTSpbfZaKPZEJ/omM8TRhlknKE+zUPBwXi5H+FKw30TQ2xjAp6ksaNtIR62CauoKCiuJEAPShPxUO2sE27wxrR30reuoBmOhdE7QyxuQKU9iSqpBG6RmPVloXG51YC9wHeU+14agl8xMPbORH/NoAfFr+lVA==', N'andrea9', N'www.teams.com', N'', 3, CAST(N'2020-11-20T11:41:06.5481737' AS DateTime2), 2)
GO
INSERT [dbo].[UserPasswordPairs] ([Id], [EncryptedPassword], [Username], [Site], [Notes], [PasswordStrength], [LastModifiedDate], [Category_Id]) VALUES (10, N'AlzhxDCSsXjPYxQZ3MC7NupGnLe47yIwiyK1JHN0KZg3CoHwDeVUlz2Rixrpq0Dv46rJJDzOsWz+ueIQJ1gxTDDqXGB5NySwDX28qhi+JiqjmwSYP2rJCdt59Xm7tlICud4PGiyUV9f9BJhAS99wwiqcpvLAe/vPmcIzUeHun7o2k5W+X1Ajd9PLXTy2LzSbEVOKJVAsTq5p2Jefgy17WmB5JsBnFUvA7r1ACgL8QxvBGMFi5y2iUDxVy51vISMxCIxOVUcT0wy2nKfKVsaK/pyXPykNUzaK5/M4z0cHTCOc2qhj9PH0cJtqp+GRATe/ag6/B2g3OdNQXVPCh1+yag==', N'andrea10', N'www.empr.com', N'', 4, CAST(N'2021-06-16T11:41:34.6471535' AS DateTime2), 2)
GO
INSERT [dbo].[UserPasswordPairs] ([Id], [EncryptedPassword], [Username], [Site], [Notes], [PasswordStrength], [LastModifiedDate], [Category_Id]) VALUES (11, N'W5T4GYE0rnW2hd6GZpu4YCTNqcXM5UA9KrJivIg9RAtiX/ucRyJzBHbazCiOBAHgixszq/J1PVdjeEq6Cs7n08Meu7o9Qc1ASz5sKzYFbNpV7HwTui34GudWlWA53b2XkK3h/uOTkv4sbLSHspbaFOrMEaxjVAYQmvnPa5jbiCHRnVY5ROlMXkyb5uKopb/JJDTMd/iyKbuigsJRp/r1o+O9AH3tlN60Pxt3vVvsQo5Cf2I9xP37Iw22s41DUIWdDHpHLjk9iGrTPQnjrM575wTscG3SILpAmk4up8FKhK1X21rJe06WLqpKwFZ0NIZGsDSwN8uOdkwvc3vag8ZowQ==', N'andrea11', N'www.wiki.com', N'', 0, CAST(N'2021-06-16T11:42:56.8121544' AS DateTime2), 3)
GO
INSERT [dbo].[UserPasswordPairs] ([Id], [EncryptedPassword], [Username], [Site], [Notes], [PasswordStrength], [LastModifiedDate], [Category_Id]) VALUES (12, N'DXn9ajdC5yg25zdsK+YxYtIbJQBql9lK+RIlGTuEvoppmRRl9Oaw0iuFxYVFgktO7/Q8ms/2JncMOpQdLUVP3W6+IhooVkOrEjDP5leC72hArOE4XKRL/sn1lqXTIUUCWRY90dUZyk17beB5TugmxfOhZ+kXtKUKn/sfHdsUEb905KFR8RI+MJUemgFu8pUHQ8fLBs4JPwCsvgatrR/njalM4IL8IW4k+mi0Ar8Z9TTi2us9U92D1LPg2h1Vs/6dtG77sYFrM7/ea64K1DlqcEWrImX/nyorUJ84Az0pW5ydevn9mWDgGX3Gx2H1IysRdZpbKOndCYoQE6OoHD+qUQ==', N'andrea12', N'www.exam.com', N'', 1, CAST(N'2021-06-16T16:30:02.7544138' AS DateTime2), 3)
GO
INSERT [dbo].[UserPasswordPairs] ([Id], [EncryptedPassword], [Username], [Site], [Notes], [PasswordStrength], [LastModifiedDate], [Category_Id]) VALUES (13, N'pSPE0rc7Acm5uQsrh27sBQczfBw+vW2xAZt9tBASXkufBQxueQBEkfJOrFsxxC3GzrPzk8OAocOJ/suKfReE+UfGws/PygCTeupnCkXqUGdJl/oV40zOB0pp5OCXmCkVg7xs/efO3EYbpdNaAsuKpC5ZbMw9BqU5rz2vI3DBR8o2GnVpssrKw918qRJMVMffkfwuVnMWLGfpImTJ3lYnKXikI57wY1jEOknhjYmBNu4HEP23QdliJyB3Cd/F9JSH+8I3aIULMjCRW5OrV4nVqWJnWeYZgF26cmLI4ilhlUUhsBdgJrdoZWKOwxEoYOGgU7jVaqfH7qRiUFHrBUaClg==', N'andrea13', N'www.profenlinea,com', N'', 2, CAST(N'2021-06-16T11:44:09.0823126' AS DateTime2), 3)
GO
INSERT [dbo].[UserPasswordPairs] ([Id], [EncryptedPassword], [Username], [Site], [Notes], [PasswordStrength], [LastModifiedDate], [Category_Id]) VALUES (14, N'nzT6t3GVqCkKndTgOMzZ1r4tVbdvZRJ8nMr1gNCODpb10zoqG/XTgULIa75BHdGDXUtViGBsb/lZxVk18Pm7EB2qfc9u6bTHn1soPLBl23ozx0Z9jgWKMExJSaGzXVfudDxpWbzmEDTo4MGrG+5npsc2er3Q5v7J6OB3vwxXgT6E66SGL3zcIm/RL5yfsJ+B5ht0q49PeMyT2PsErXBqU++BMcaf9yIReJg7p0QKqaJF5PdLnzqYpf4/97tu5a+Di7aj25cj76dsxRnvmKe2mb1O8/9FmjdkVHX2pqOX76Lr/2IWDj/FoQSwU3TEHifLml5/xydlkbW+SPDDlpDZZg==', N'andrea14', N'www.yahoo.com', N'', 3, CAST(N'2021-06-16T11:45:02.2462164' AS DateTime2), 3)
GO
INSERT [dbo].[UserPasswordPairs] ([Id], [EncryptedPassword], [Username], [Site], [Notes], [PasswordStrength], [LastModifiedDate], [Category_Id]) VALUES (15, N'vvJkCI+hThtrLsVVnjDv7eOjOilPmaLknmrX7qO9lNURol/yqVTfBVp/uDrAXjsYK6elsz9zQir8gg2PYK6Pc9/JF+e9CZZGbiJGhMjQPCgti+Yl7ztgvUXGB1l/UouHiwNEPKCj1Fjg2/U+Y1h3jnFPVnvuCd5npDwLGVl+JX0ttZjvJ7bfd9EuGI+YCu9MONaqgco0f9g0BIqJGO96b5I5BFI4Te/8WreHAywDKBlhPmKrzSEMbvHcRvy5yv9kehKywCoWz6LsLVLxU60nP0w6X4CMDiqGh4OlAbBNofHLjfi7EGioSZi7dK+1m8gaUyh7h2CG6SfvbAKPiuwQeg==', N'andrea15', N'www.study.com', N'', 4, CAST(N'2018-03-12T11:45:39.5087538' AS DateTime2), 3)
GO
INSERT [dbo].[UserPasswordPairs] ([Id], [EncryptedPassword], [Username], [Site], [Notes], [PasswordStrength], [LastModifiedDate], [Category_Id]) VALUES (16, N'YC9qhBnKk/NoZqcZltK0rxHSBekUnbJv1xe52OJV6Vg7slZp30wCqp/qJb+3rJ1WC83E6qWIv02HZ1EmemC1gkK//mVpXPh1aHVDaUpHldUqmY4A6fa5dMHWnAb1gpgVmVZllkGNHNovWeUkg30SL3DJAcv31jkyTMho4MuWcr3G6ch2cfkpa9P52C0Fwbfe4I9OtuRPxVnNr73WV8ymclA7a9rw9l0XoT9VH3V2bKxHQAgUq2ZIW85K9frn3Fc1CwjAT7FkIh0OEmJLip5EnANCzaKCv7l0zYWQKADFXkA+Bc1fV0oxnY9YW8hWcjV4Km2/kR3yUKkNa7X2PVfBNA==', N'andrea16', N'www.youtube.com', N'', 0, CAST(N'2021-06-16T11:46:15.6129828' AS DateTime2), 4)
GO
INSERT [dbo].[UserPasswordPairs] ([Id], [EncryptedPassword], [Username], [Site], [Notes], [PasswordStrength], [LastModifiedDate], [Category_Id]) VALUES (17, N'e73+X3PLlgXPJikH619cj0ZCk6sm3q8x2r+907X/A8xhU6UrFyuSytB4caFF952P2dQIf7JuuO5mDsQ2URerbS5W299DnublAuW6iomG4zX33mSlehZSJ1lBqrm4Lo0VdYxiKJiAP/0OED6yJErNMmUMw7ie1WOQWFJb3lYVAFrnfIIPIwakT2IndqWZmkyhkO1JB2ZGYoCSt2HRLNUPU5RonxlWm4J4NcuprG17kfM5WE5wGPuHbtGefvFBDYMYtgLR2uW3mh9SfQADl2JvowtBCvgLs4GDW1QZDm89/z0tvA9+C7MhE3QIXSbPVeM5YkUYhlqAf/laLUlTugLzoA==', N'andrea17', N'www.cuevana3.tv', N'Página web con virus', 1, CAST(N'2021-06-16T11:48:03.5192845' AS DateTime2), 4)
GO
INSERT [dbo].[UserPasswordPairs] ([Id], [EncryptedPassword], [Username], [Site], [Notes], [PasswordStrength], [LastModifiedDate], [Category_Id]) VALUES (18, N'1rEJQE5S3mO2Ww2/pd/tL21mGhVqfJ6W/AO5m8tyd5ueVQ0i6aDll1SFHZbqNLhrbEYXViL0rHqu0qXlPBWwsSxUqeyLmhKbohOVM0Rk5ZluFk/khYkoLl9YCdg+j3UI0QPw6td0qXtyiQo39CZohKZSPDv32T7Q2ojHg56jgacQm57PhTErenZx/xwmYp2IrcKJ1hyZLiAwUi80FDsy7xTi4k8s3LhLND2GvdM2ktv/Q0xpQyfkqwkd9rp/S844w342zl95Tv2trTzyW4FjfVFbdjeBtaVO8Iiy2uugNqUF7yYrBxKf0BvSLgbXw+2WW8Au6zg9HoiikKcIg7KeBQ==', N'andrea18', N'www.netflix.com', N'', 2, CAST(N'2021-06-16T11:48:56.3391651' AS DateTime2), 4)
GO
INSERT [dbo].[UserPasswordPairs] ([Id], [EncryptedPassword], [Username], [Site], [Notes], [PasswordStrength], [LastModifiedDate], [Category_Id]) VALUES (19, N'uX7hMB07Q078+jWRHWS+5rPrriur6IWIBovlqYPhMv+w64/VHFQymxNAukAtWcQu+QazZ9cp/ndFxOVrREY4oMnPDchmcKY4fTKhRHJ/vj4ys/HHiShiyDsAv8ENiuCWIcTjd0tkcxAI0emJxPIS/4XPXJ6NXQVkgWAWIMT5Fr8+aFTBzcGXtPUv+Mt9+II/RaiSh8kfHGqp0U4FE7QG2o/m4KinFw3gSDxFK3FKXmZ4NNemvFrYGIhNXHYUpxJpImgcYZVt2nOI6uEYR30SwA9M+cSAe7qBjlmiyFCWRN1lmowGS2xkXemgbgCBdr7+/T9G8R4sq/yW3sqs2wXYZg==', N'andrea19', N'www.mundogaturro.com', N'', 3, CAST(N'2018-11-04T11:49:42.1200593' AS DateTime2), 4)
GO
INSERT [dbo].[UserPasswordPairs] ([Id], [EncryptedPassword], [Username], [Site], [Notes], [PasswordStrength], [LastModifiedDate], [Category_Id]) VALUES (20, N'yBCUXgOdcFecTkJ4M1ThCzjnA69Us+eN7+2uexqicWD56nqEHXrS6I5djaSXYWTFdHolCaKY7jCHlhsaaq6EBk6KSIu9reWjc3kCfThc6sFj1AWu3SVH8WpqAApOzglH3VrRBqKsPPmENUrbXqxe12NleNa4oYIGXrLpvyS5hF0Fa3orrIWC+fGnfDx7rtVr0jsPc+fQbbIHa5LfJo7aNQrfUUlR1Qp+Gv33+RHcxubScF6McwZhd+qIWbtfvOEnpyyGFfEvBlamsnnOf9f6EB/NWr3BepQRFI2Scs3opMSuBAz+ddLy+UbSaJQRBcovG0Ya/OqZzMMirhYwoE8miw==', N'andrea20', N'www.tiktok.com', N'Contraseña segura!', 4, CAST(N'2019-01-11T11:50:23.5672302' AS DateTime2), 4)
GO
INSERT [dbo].[UserPasswordPairs] ([Id], [EncryptedPassword], [Username], [Site], [Notes], [PasswordStrength], [LastModifiedDate], [Category_Id]) VALUES (21, N'tAEFXwlaV5298wmyw9tWUr1W6p8jknOhdze3PnuxoqcOFGNQTouIzWYuqlZe6R0i+W0S92PRyNksNDXJyZSXewzPf3ttvRC2D8uT8BoSsGAOl1xxM0LzGokQVjYcTjpVJ0rG9VxTaTkAPONUqS+N4fFc2mY2DbLZQQC1SspIGRHyDFPLqbUSu0NOh8SsYfWZdhcWUXuKLBFRdo6Zr/P1jfuhLNSeLe3V8M0PBteBjDGx9bKjiS7+zMw1n6dJuNGgJqQ+8UaAD+YpeH7fTM53dJ2Q96hrdtoc981LwpEP18v/+h0OWz9GaPhx3dRBOuzrH9ISCv3MoOR+jUhDSX91OA==', N'andrea21', N'www.mcdonalds.com', N'Contraseña insegura', 0, CAST(N'2021-06-16T11:51:11.7920795' AS DateTime2), 5)
GO
INSERT [dbo].[UserPasswordPairs] ([Id], [EncryptedPassword], [Username], [Site], [Notes], [PasswordStrength], [LastModifiedDate], [Category_Id]) VALUES (22, N'UbfFRqPfwM0e7o+P+cf1ZDLcfUj0pBxroxJhxHtQ2W6AFeA+0rIiVR6++0IDpAg/qeyhyKiBdhk/2JnKEM+SQhBNuvFUA8IhJ3iOjSGTNwfx4s2fyMqRZhsU++lJ8tG8k/Jn6o3zVUx9+EUCkuGOruq1aeUcedJAIp/xtdLXHPs0GgmKVCDhg2BOI3c7kME45EgiqKKn/UFe4BJaAOaCFnqkLV2IzRjszbAULod4P+T9uhfl1OTAJHDSofS+SLe6KJdT7WIPtu7xflNNk3w5t5xwic0ukJsaAldLhVpBZPEJm0+Hg2b/EYoNTJx/lJg8w2JgYDdVOJRTXSpt1VhZ7A==', N'andrea22', N'www.burguerking.com', N'', 1, CAST(N'2021-06-16T11:51:37.8912874' AS DateTime2), 5)
GO
INSERT [dbo].[UserPasswordPairs] ([Id], [EncryptedPassword], [Username], [Site], [Notes], [PasswordStrength], [LastModifiedDate], [Category_Id]) VALUES (23, N'ni92GghyqMnbRJHTYPuCBp1/vhJyVOte9CbJuZrSI94h0w3hRsKK2uUYsUxKHBOsQcPThoetpP9K2WpYOSf5OJ09Qn2J6z/K0DJhhttVfHhEImIguowicXqYQIWIphXUfj71UUD5ng9E53F19fwXX8gne7wrKLEst/6FXzGn5hwXRpIqfIihE02Wd9uwGEIjRm44o7tpOj4Rmm00+UVoXAHTZAuTfkGOAnsS6WcTsQoAva2zHHCtv3aKsfXt5ltBFcysIO8P9Qio4UfPUdzF948GbHa5NAryWjxBmIJY3VBe5/r5P5RWPZWffGoMAwZ1rMWS0tM3IyvECJKP57yjuQ==', N'andrea23', N'www.lapasiva.com', N'', 2, CAST(N'2021-06-16T11:52:09.6852515' AS DateTime2), 5)
GO
INSERT [dbo].[UserPasswordPairs] ([Id], [EncryptedPassword], [Username], [Site], [Notes], [PasswordStrength], [LastModifiedDate], [Category_Id]) VALUES (24, N'JZsTG1VkWIhv0vPDVoEL0dwBZVKPuSg9NgGZZR07cQfPmfMmAhNNdUsMj3KNOBCodhcxtN+qceYk0kPXfG7yHDTUmvIinSN28rpmqCzyYRc1DLCWO4+OeaJ2p1CpWCX/Ui9v8GqKi+U/x2AN8+pYY+taeL6K9jSA/2n0djuH5DUbdo+y0d9CdjDZElAMKCYhDHWq8A3ZJM3vG9OYm5vNOdne9ONqTdQ25pdIcQd2Fveef+cS6kbvvYHLRg7FHUhxQJKUMcERjwXp818lcWnEB3fkfcl9srI7vMc2WfXzpMEkWgHZw0YOm6bk8cG4AgIMfg/lrgYHZ7HtwJe/YdPIyw==', N'andrea24', N'www.donpepperone.com', N'', 3, CAST(N'2021-06-16T16:29:19.3574250' AS DateTime2), 5)
GO
INSERT [dbo].[UserPasswordPairs] ([Id], [EncryptedPassword], [Username], [Site], [Notes], [PasswordStrength], [LastModifiedDate], [Category_Id]) VALUES (25, N'eW/8EI1X1JcrlKyGD8TVH92BoNr0lf8KNCbux4e5yUAN8b+aEo7jqokZxssq4Ez/2PJ1Pjh5JhrhM0GOzyqWCbng5zg8G0Gilw6t8lYd/JKU7xCiLMsKAJI0IzHx0M4kEec0fBXbg1YhlfsXu7pBuUu39ViwLVxp4BL6Eh6d/eot9NvQqftu0Nc1rAGt/pMND9wO18rFP4qAASjbF7wc1KKZWOqtt+SvJvATbZy5xKdw3i2j6prDLQ5Px6p8gc/EUVHfkX+JpO1FBklvdkpejchCR1oV0m5Y6RJXPIK3NXMC/BK+OePUixzT5kMYnTafI7ekqf0BLcs52SKfq0hLkw==', N'andrea25', N'www.lapanerarosa.com', N'', 4, CAST(N'2021-06-16T11:54:00.2163785' AS DateTime2), 5)
GO
INSERT [dbo].[UserPasswordPairs] ([Id], [EncryptedPassword], [Username], [Site], [Notes], [PasswordStrength], [LastModifiedDate], [Category_Id]) VALUES (26, N'sDriyQ7gerIAmpBNFFeKTY/59DgD8agFIChRhmxMTzqwmMeQDSrULU1iidov+RRQHtiu/4vhVydboNP/FvfbC4PUgRgX3t634MM3iNybHk0g4mz2SUq/qAVmhRtPfdyorMXKtyNisl9PWSPXSSGZtkB1CnV7qDMesI94bJC5gCRflJuHfTf8XSSkRS47Z6Hrh2MMnbA25oDE7Gw4ruwBpcMozFWGv1aTFh/UFDFOWdJ6OT+13qlaXcG5FHWjSgrYCTIbQI36sjudCeuF+MblkNJL+iQYapuxiyNJXCOlyeNy6MgGsxyq/S4CqJBQtyT8/154XyvGwQgJLYhJVTzDtw==', N'cecilia1', N'www.wpp.com', N'', 0, CAST(N'2021-06-16T12:02:49.6211071' AS DateTime2), 6)
GO
INSERT [dbo].[UserPasswordPairs] ([Id], [EncryptedPassword], [Username], [Site], [Notes], [PasswordStrength], [LastModifiedDate], [Category_Id]) VALUES (27, N'mlnjW0B323LgCLDfVaUSR1Rm60KhbsdG5z0dZYjCaE1BD3az7Q0SW/S4LPkj7xu2Yw1StrhSkTLIEloEE7KsS4ffSPEZPuvt1MDbNPICCAdOff7Gxz+sjT4nwUJJM00UqPegX68eZAvCdb5mcQKZ/LDJua9ZayaMA0adFGuwz2Hx4U8QU59b/BtxnqkHrhTdGoj41/fGJHJROAxFCRd+aAhvfC7m9QHAjnMfouJg2GVnUol/TgV49tTEgOunFiG9H6AD/1JbV6BCnK9xaPuYTOH8bUNiiinUA+F7rpCd5T3g7S6r1c/1107n+PaLT80uMpfLJ+sdxIsqYtp6JSPVew==', N'cecilia2', N'www.facebook.com', N'', 1, CAST(N'2021-06-16T12:04:02.3910252' AS DateTime2), 6)
GO
INSERT [dbo].[UserPasswordPairs] ([Id], [EncryptedPassword], [Username], [Site], [Notes], [PasswordStrength], [LastModifiedDate], [Category_Id]) VALUES (28, N'iOyMxbLWe5gW1g8EacrgmJY3KgD0lI10oAqde4+sXPuolZNmfD0Pg+ZspgMEo4pezOMJsuYJS+vEuvx1t14xnBHma2bK9qY/aN5K00JGEYHI4xiTMStLVKKlpJlkfdeDw8iKf23IVoJiZ+gdZgoUDj+s7ztAAC6f37iHowlA3e5dlC/rr/lah1q+KKLAQi75ZH70ocYLWr+sGqjp02PwHqiTB4SuV10aafPODA1yJ/fobtd9DcwdyNInhR3VKVlc87sm7CrLlKLoNZMwulRr2p6svcQFZFgfX4J+4tSe0lDCi6eqo0GbNjkiENNJqcBu7I/FERI2U0g28Wqg+NDE2Q==', N'cecilia3', N'www.instagram.com', N'', 2, CAST(N'2021-03-12T12:27:14.1628923' AS DateTime2), 6)
GO
INSERT [dbo].[UserPasswordPairs] ([Id], [EncryptedPassword], [Username], [Site], [Notes], [PasswordStrength], [LastModifiedDate], [Category_Id]) VALUES (29, N'DerdY/hoI3kkO5uiRZAnFtYMIwN/GlsmiY31qrcy/PRcdJB2lrbdsiNGmSiQSqanYTLw81NFpZR47v+IUduuyMACc/Ae5oLi8KSAct06hkVbXWXiLylTrIl5nXRL7Kqt5CK3VMN7J+viGk4O5JBouqa1MSaNf8iAVgkop/RQtFANaeChV03jX9bmX8Y+04slArdaECodm2pe36qQWW/U3LtxjqmsSpbUgaZ5d1seWcPHzZWmOfG+cTMgeq8aT3NBTSRCweGeMeOygg2a5AQiPJhcxzSAxpeK36o5VL2QNoL6s8OaVFkF00Ef43Q4FtBlmTApxNKyJyJGeUnrdpTAcQ==', N'cecilia4', N'www.tiktok.com', N'', 3, CAST(N'2021-06-16T12:27:48.5242026' AS DateTime2), 6)
GO
INSERT [dbo].[UserPasswordPairs] ([Id], [EncryptedPassword], [Username], [Site], [Notes], [PasswordStrength], [LastModifiedDate], [Category_Id]) VALUES (30, N'XQrW57w07KdQXSu5KpUoidvTXIYJpX71KFjED6EFuRym+I/0+ogLs6AXipY3HUgvWxZ8fZ5gLa1M8//miqgLLR5z7SmsoDUDI6oGuXv9lNqBfowZ8ZncZRum3S2xhU/Z0Q5Yg55umKFrJNmKbXsV0eDKlxrSoeW8AU/W/Vep0LJoZlieXmO0VKZmv5nD0IE57F1iFIIBCLms/3QpeFcYkmbGIjoqLW+K0uezB7jXmHa2kbuO7yfB2y/G7wc9RxXExiDE2xc4VauKgXT5/dQxB4Ne0VJlxbm5qTnqfVUPmlDN0vUgHwdB5TQ8BvvUn4RZlAvyG5hKkU7Tuz41y9UQ6g==', N'cecilia5', N'www.twitter.com', N'', 4, CAST(N'2021-06-16T12:28:17.1124052' AS DateTime2), 6)
GO
INSERT [dbo].[UserPasswordPairs] ([Id], [EncryptedPassword], [Username], [Site], [Notes], [PasswordStrength], [LastModifiedDate], [Category_Id]) VALUES (31, N'kjAVx/xJClYHffLqjqyRL08vpOpEm8rGpCccLfAJjuk8+hcEiZyyh24bSLoO8QusqyeX3/n1voMCgi1FCcoQLrxdpMWDM337OC4i/ILDcrLkPb2lh++pxwoGtFOuiw3YalcpxttU6KJRwVeZlrpxGUSW+UzLBUEfk/RRnJHNM7hrJxF+2y8il5c+0GFsqjcieT37M1Qre6r5Vq6BjV31FvruwlL3LnJUcFGFKHOxOcR7h7/oKocDIGSKtodky5K4lZWXYGfhv+dtoz33opoNLCz2SgAUJdFYS5NWKoHIfUoRIqvBuIldgaR/ZwZmEKo2pitjxJlobWL62mYlArHRMw==', N'cecilia6', N'www.gmail.com', N'', 0, CAST(N'2020-05-23T12:28:47.8519255' AS DateTime2), 7)
GO
INSERT [dbo].[UserPasswordPairs] ([Id], [EncryptedPassword], [Username], [Site], [Notes], [PasswordStrength], [LastModifiedDate], [Category_Id]) VALUES (32, N'bzs7YqJc8UATRbvO17xgzDUbEw6T8vvyK7Dajqx6Od3BKVoKd1pMxudB8eUPQBMj/REKxKRPdgyOZa+1tVSYWNACXoskI7uXTJuTKOaPzzaO349OMGi/VLlRqhGTNXrm0Q3LLH/RtPeZMKDeXnT4iOeSZRmdvNluKfT/VjpBEGTUqxamZkoINY42tq7B024QXx8cj32ANcv7q05SSWJOQ131jwBIwbw0v6biguOQL+w2lcGIZTzwMoBVRGljrOGUcBWBL6luctDCAC9D+ku+kXLMNQ4ihAHron00zxgVNZxe3NAEwxO5KUOGsZmaZWVlNsHdGRwQYhU4OwfTKFMG5Q==', N'cecilia7', N'www.empir.com', N'', 1, CAST(N'2021-06-16T12:29:21.1280057' AS DateTime2), 7)
GO
INSERT [dbo].[UserPasswordPairs] ([Id], [EncryptedPassword], [Username], [Site], [Notes], [PasswordStrength], [LastModifiedDate], [Category_Id]) VALUES (33, N'ca4LEY5VPED4kS29CAQ1L+x4YvKxgnaedjpUbXlmvPGzReod2AJbmpwFJvn2uRxDvwUra1y8cQeHZPIiLilJfaXv4UibhyQ4b/liVuP+TUE53dgFNJlohIALcgglNg7qmX0lSlP545DW0k8Kpvkm2Lb40qVjRqL7YIeg9raa287w5OnvT4Pm5fxtjO9Ghi0x/VNyu6b6fky7LOPbnTV6rZCDCpohjWEOi2js6JyRkMLFmCeNloQZr5EEk0fjnLhOVtm/rv3ZhWdMW8NgEDaU93RTp/XAO1E9/Cqp58kFlgV2DYWuV7cjOrwVYCcXIP+VHOSeSVLOL4t1ckSXU8GRBQ==', N'cecilia8', N'www.work.com', N'', 2, CAST(N'2021-06-16T12:30:14.9245455' AS DateTime2), 7)
GO
INSERT [dbo].[UserPasswordPairs] ([Id], [EncryptedPassword], [Username], [Site], [Notes], [PasswordStrength], [LastModifiedDate], [Category_Id]) VALUES (34, N'PorT3N7OpVd1UjZGR350LoWEZR0Wkw1t1nCE/xgHNfV3rWBkV0bZKWLYXWjIUBngm805i9ETaToDeb1tYFizHICKSMO/phuJNiNLgd+Bsm35bM5kxJ1OlKeqgO2nvYv2E06qAb++BrD4D7t6XHHGTu1xK9UWyQESOZHHMQG3b+xL3w3GwhoxRzeK6HS3gSe5Nc8lzFiQaJQQoyTSR04ojBz+hmCcAwIdGyn/sfQ3Pvf/Nw84qCumdYmcWzw4qim736jo3LSkTiUl7lIG9SYBFj4vn0Lclw6EhoTL3sIYPthY9azcnh75fOW5i6KD97mGLFwwL+Gb7jMV0OJIfxcrkQ==', N'cecilia9', N'www.hotmail.com', N'', 3, CAST(N'2018-03-15T12:30:46.3383921' AS DateTime2), 7)
GO
INSERT [dbo].[UserPasswordPairs] ([Id], [EncryptedPassword], [Username], [Site], [Notes], [PasswordStrength], [LastModifiedDate], [Category_Id]) VALUES (35, N'SjQcD0BpaL77DKom863uaBNZyBF2KseUGy6aizxa5WzcTLi06UsvP42s4cbKEAQu0mZvCO4AD7tSuxM0SbLAKfXar7EFkn3T5oXnqdZdEd3qX7XKsF30HmAQ/Lx/xr9jmSoRAU9surwlHtuKkeM3mnMbbxztfLbbwUxLaMVTkYBGXAf0YZY1VLRNz4lL8CwU+CzRL3GarlMIJfH2iotvgZcBMHVnsiD15Fo1FZtIN78mZXvgtpjAI7ZpVK5b1HA3z6Vz2KYqdxVe97hwChv0X7FHKjze6BjjSzAsNutU3K/9BgyzEqjHYOfv5W15sk2Na4Prt88WeYbyL3noGhmtXQ==', N'cecilia10', N'www.business.com', N'', 4, CAST(N'2021-05-24T12:31:57.2020943' AS DateTime2), 7)
GO
INSERT [dbo].[UserPasswordPairs] ([Id], [EncryptedPassword], [Username], [Site], [Notes], [PasswordStrength], [LastModifiedDate], [Category_Id]) VALUES (36, N'LWuTJbbv7T6erE9uFDLZP/8UF59CXNvd8Ux9VxBIBaB97PlHuAVAuj921/rURmaxz30ZMiNqRMxCXW/6nwDALQlsMsTr88ZFOgjn4sGv7St0mx1hqcNg4izmgpmTfeYlVoCOpmQv45nGfaLOy4MTTPzCGBowvpFElp67xBYRp8Ct4VBYnF+6Jipb+ILkqPiXlUxlvQio63iKZEUNb7Lz8084eAlJgBejPke6Of7RkJPCYl7piTOt4zb9JPOnDRyCEl6Wh8jawuMcJ/zSxOt+XKQEloTdaZmydQybwclY8qm1SdS4TLYelnb0pgfdh8ADK/yo+vrwgSJBsTFKkfdoRQ==', N'cecilia11', N'www.clubpenguin.com', N'', 0, CAST(N'2021-01-15T12:32:45.3769917' AS DateTime2), 8)
GO
INSERT [dbo].[UserPasswordPairs] ([Id], [EncryptedPassword], [Username], [Site], [Notes], [PasswordStrength], [LastModifiedDate], [Category_Id]) VALUES (37, N'NtsEW/oAzuYYge6DnQkzfY25Xkwpz06cpwCZBDtNxnc6gfl9F2JH7B/L/XUlCpIwwo9+H2S2ejr8fsjVstRizR4r0aYn7wzCTSyl5rIdFNSTbJ+n0oS+68v3QSM5bqU0Z+gILEjSupPoKep74FXH6Vc6kANC53LuPphCKOd6WWMHz7fQRtVkf5oMeBgTLmSuKYvlY8T914kEwrvvxDmq5yoOi21RwrmroM5eFk8aOvKpi5oNEVkp2ZgWqLsu5CcATWmjQ/cyUOSv+dPoE2dyJW+Ml6OXWz1xsyNNvK9ojWaHyPyX4IRvfX9h6XkREHcUPeuwAczTqIeelG53Bp0NmA==', N'cecilia12', N'www.lol.com', N'', 1, CAST(N'2018-09-23T12:33:28.2512161' AS DateTime2), 8)
GO
INSERT [dbo].[UserPasswordPairs] ([Id], [EncryptedPassword], [Username], [Site], [Notes], [PasswordStrength], [LastModifiedDate], [Category_Id]) VALUES (38, N'gVDvYUgdXRgKetdAj4hE9pmtKNk6THUIki5GC6f40MEA78pCgV4qp4CkD3yyjY7uAftPaF5Jnm8+dnMgAAkRXmQ/TLejlFienC1NMXwe5uxNwsGM9uS81if/ys5EcsF62R3pzApQ78yPhjS0a7HXg0hjEHLCSamRbqrynwzC7vnQMM5rnl3sJSLOe/cxekhWtspcyAgRtIaye0TwX08wd4ULaMMTmxxJD0/L52pDDZM5MDw871HkxKjpHkHbG6c9tWFF9QbEfwWB1auEq8SwidSB5hqHGfvW1dBoV81CyDfD98MT6arr0270R09TLA19WizsFbrjJm/fLFnMUNfhVQ==', N'cecilia13', N'www.dolls.com', N'', 2, CAST(N'2019-07-16T12:34:06.6209385' AS DateTime2), 8)
GO
INSERT [dbo].[UserPasswordPairs] ([Id], [EncryptedPassword], [Username], [Site], [Notes], [PasswordStrength], [LastModifiedDate], [Category_Id]) VALUES (39, N'IIApTtpdvPOPcR1ctSErJ/95Zn5d7UqrNx6/ZP22PwqwAwvu7k54ZieZ6Pxuq2/ABq8IMeLQxnrSq+ajSgTrbd5JrlDuprXkse+M7a0puJ4m17tAt/OdaN5oQ9oxhmZRA07Q6tITqoaMyX0uIlErhA25jItiZjpk0j/0unapZZKCyZVnNqF8ZbpnbO5mEdk8yIAk3RVmgLyXsUFJ63WHqmsRyTx1hvzTO5UAMTi2wonQq7oLLPcLtkcF8o68ZmDxqGaDgg/VKraFjUQDhLziKW7FOzaoK/mjbO0gO7S/kSmfiUP6HllGWOLM4zcsfC9O1b4HyQvXX8I1gt6MnCWF/A==', N'cecilia14', N'www.linli.com', N'', 3, CAST(N'2018-02-19T12:34:44.6953713' AS DateTime2), 8)
GO
INSERT [dbo].[UserPasswordPairs] ([Id], [EncryptedPassword], [Username], [Site], [Notes], [PasswordStrength], [LastModifiedDate], [Category_Id]) VALUES (40, N'jNDQZWCuVn9gRoiSzU3A9eCA9Qhd0Pvn6Tugf/9UYJpZjrm6BdSK/xI1KhiXvkxqT9hOHwYAbx2xJlb2NyGU2KApDrGpU4ApsviXwEuWir3ho5NczN9P6ogv8MW75Ex50coazlMjqu9eExyCsQxJAAc1N8C1xu2RqYG5yxhY3ip5Kgz5P8VLn6bGGOOoRJYDOf4yU0MelReRaX0SvJk/6CWgXOR+9O18tY9CmI5o1BttF2adeB3ZfqZqQuB0euqpfmlZixOFiEXidOqKSXRWTfFbuwQeVvv7fz0uHvzPFn5QhWoBRRfGuyzsXnSrcqPy4fiDQKw7uO6q5Ab8fFTQ9A==', N'cecilia15', N'www.pandu.com', N'', 4, CAST(N'2018-12-13T12:35:10.0834180' AS DateTime2), 8)
GO
INSERT [dbo].[UserPasswordPairs] ([Id], [EncryptedPassword], [Username], [Site], [Notes], [PasswordStrength], [LastModifiedDate], [Category_Id]) VALUES (41, N'AtkSfkTrzOMq3McWnG2F/822RDhDWqBQ6r5FFkSouTzaxMZPhlVdcvsxPFo0ZSdfJ4zK8/kQv8PbesVY/KW8r0izeOkuYz3ciZidSIdZRYVrWgQ99J6SWAoOfvz9Q9vCdG2UfpwqBzc94JwBFMqdkOikgKdI4jfgdF4rG2E9uMHtzacjW/YvFRFIPwq1hLxtMnmlu63WDi7guPm6QLflRIBD2yDB04siKGWrsCWr4FNWugeEu9AhXrDm4XpNbh3szdDvKXrtuhxbAY6yQIVD0+kf0tLSsXPCFHaREKQAISuFnEQ1iVM8yWDA87NW5zxDZ7uQ21gs/WFY5OZWfBp/UA==', N'cecilia16', N'www.galaju.com', N'', 0, CAST(N'2020-08-13T12:35:49.4163592' AS DateTime2), 9)
GO
INSERT [dbo].[UserPasswordPairs] ([Id], [EncryptedPassword], [Username], [Site], [Notes], [PasswordStrength], [LastModifiedDate], [Category_Id]) VALUES (42, N'f/KWh0nNuPBhk4s1FrvZ7wFn0Msdvvbf9iXWQ9LREjRSmtHrb3SWR3Kq9mKENY/bc105qb7JmxC3slxGdIgGZu3DZnGauhpntpMY67xmB8K1ejuO47BokyKSh/FA81n3S10PuDnQxhrknl1VgKc/a7+W6i9/MX8jZXfRcd/PedCiKXV7VanO6mQdlIqMBpgpd0z1J36dks71ilUDITgurRkeMOsauijn+2OSCTCcd1EyBnz2yM/D0HKmYMJ88t2kYV3p3APYOTQkd0VTK8O5DZt3IV1EPsk3q31AG5eK8RSNOBP9+zqtXFxPAxNMlPzv07bkqk9714DSzeF3JQZT3w==', N'cecilia17', N'www.emin.com', N'', 1, CAST(N'2019-10-16T12:36:23.2297130' AS DateTime2), 9)
GO
INSERT [dbo].[UserPasswordPairs] ([Id], [EncryptedPassword], [Username], [Site], [Notes], [PasswordStrength], [LastModifiedDate], [Category_Id]) VALUES (43, N'UvDOQHPvb2HJgfQgAH8m3dPI2P/ZpExlI2OnXtjcfMvf3IyMsQ7Wrb3WFCYP91coYLNffCZalbm9U2cIxIvop2AdPo/twUMOzedLBve35cA8BCp6n83EEXyqQ/qmW9wpNoOqP6S8+OAr+bBeTBQ4VVNEbItS2WJ6Ci6SeSFwJTuCkr0Gwl28SdL/Mr7sR8PZ9xUvNlCax8/x8TuosV0fDb4XkgsjQHPUMNbbS+Vhs9BbnfGzGYnFJADc2tPuK/4AfMdr3XoJ0C0i47qs4lllb9ovOiVTf4au0wDJ3YXr4XTYhMelfdvAS207aSExPVOpFSWG7l0C3kj/9oOWhsBREw==', N'cecilia18', N'www.inere.com', N'', 2, CAST(N'2021-06-16T12:36:56.9639417' AS DateTime2), 9)
GO
INSERT [dbo].[UserPasswordPairs] ([Id], [EncryptedPassword], [Username], [Site], [Notes], [PasswordStrength], [LastModifiedDate], [Category_Id]) VALUES (44, N'RGM+C9WJDM67D8UaXlRMKaS+mkRFn7Wt3z5gx349KehogTBlQwkmj4LTsXx1GQUv+EpH3p3aXuCgw4q3xZZqcASJCwJkqlzGMeaR9xBSypcR9tBX7VRORiP//UqnWzmF1hCdbPgj107wQHU0N9Crp06l/jMGewaRsUk3hDt/jVgRgjrU9fK2nLLIfTcdAq8LCe0fO7wk+RrosoE/I+leZKkPNmq67T9s+LW1TqoPhW2o8Xnyi7xcqrhU/8W18an1GtcxzsR7tmaXKsqegUKBqAYRVRI0om18G8cG8HxWkD6982qU9C+kK9cCEljgiZSM2SMQY+HKVdgCaTGmeqcroQ==', N'cecilia19', N'www.amilu.com', N'', 3, CAST(N'2021-06-16T12:37:32.6597413' AS DateTime2), 9)
GO
INSERT [dbo].[UserPasswordPairs] ([Id], [EncryptedPassword], [Username], [Site], [Notes], [PasswordStrength], [LastModifiedDate], [Category_Id]) VALUES (45, N'ihGv2IXPneewV1crgyaIPV0NFLAFZsHuK3WYnZNacI0vY2SPSb0HW3u077yKC3MH5A/be//HPI1HXGMaJ3oGMF0LUIfOiCkOn+Z2wb2vyKBZovWLicWgHpYNygKkD8cTWRpNjO9Wjo3KRjWRK8bhar88AbCLf5RMlAskTfDSR/cbKdOUHcgC4tT8nyw7SUa0MxYqKmYOITlEk9eEcwpY/wz87dGJCLFH9ka60n93SNuR5Fds02BC98aFaHQgKWCaEjIZM3qZMKJ35FP5ufzSlcXfz2rNkxLChIRGnjF4XwHAETwrQRLqUrVCN//KylCauEP6TkOGwniXBkAj9jQ5qQ==', N'cecilia20', N'www.linx.com', N'', 4, CAST(N'2021-06-16T12:38:07.1128452' AS DateTime2), 9)
GO
INSERT [dbo].[UserPasswordPairs] ([Id], [EncryptedPassword], [Username], [Site], [Notes], [PasswordStrength], [LastModifiedDate], [Category_Id]) VALUES (46, N'VWH/jIGzzI6kvw4c14C697qck1g71zFvdrwlK6sULoHDsTF6OAKK4MAODZ4K6QF8pl8c+UXfiuJqBxGVRudZx3mmgwOnMb8ZgfUxhATvxwIjnm7vXazs657TwZz8vlbgx1TypSs1UW3CJUG4c1r/jmyaM0y2tk1cKNkhQoML8zedbdlsZ0HJ0DJspuJKRO2g3toIIaBVy8j5S3Ur6/UjbEsBbJkXfYehVl4pUldxKT8X/wCRQ1XTvRyLdbU6s5eJWJnbSN8AkWjrcLmzDgasG/ijiWVHCmLaGCaV5zQVqLMacvwfeaZLRCOTnrJAm5lj/V8ONxMfZynFlBiKdEBJEg==', N'cecilia21', N'www.spotify.com', N'', 0, CAST(N'2021-06-16T12:38:49.0332204' AS DateTime2), 10)
GO
INSERT [dbo].[UserPasswordPairs] ([Id], [EncryptedPassword], [Username], [Site], [Notes], [PasswordStrength], [LastModifiedDate], [Category_Id]) VALUES (47, N'RJzccAda5yZfsftFTtmWaoTYOkVwPZ2VGBqNT5swy7MYHWktkB0gxxg1Ts0mBDZdD0OIObJdl+BGe0pwZgVHbFVTFFRkyAwiLRFf/Jp3+1ZKnQ1xazMjTviizNHtorBhodBH21R7zRJEN87s1UZMO9+BXsDo6/QuzY9NDdC/NXkfJOUnyiQpq0ClGY71V0Uq+hSCFHYpuVaoSZIl//Ex8QPNTRBkHuRJARye17MVOV1MkgFZ5sZKYJ6jUGwv/GGroH7EgEYIxLK2rzG0FYQTAsURwb0FalCZJBee9vAMnt+62FJd4m04QikLP0Fp5jgjnxcd0H8ULCZtFcgVuz/n8g==', N'cecilia22', N'www.ares.com', N'', 1, CAST(N'2021-06-16T12:39:21.1476604' AS DateTime2), 10)
GO
INSERT [dbo].[UserPasswordPairs] ([Id], [EncryptedPassword], [Username], [Site], [Notes], [PasswordStrength], [LastModifiedDate], [Category_Id]) VALUES (48, N'dwHcAf/DXKeWjWW96Q0PkG/OCDpcgFpKr1LmmQyw+1Dxs2cUWS5eVIXN9kJwyP90lABGpGKmMCRYySOilsX1zFe0SnqiJVNVVlKaYQDp1WCGOcfo5IX5JBC8rUJ6bRMkt8IqiTodhN31/fRv0ANcSkeT7U8rQ65ZRZ1Orv7JtzuZtSZqAmgS2t4Csu7TH+CrNujXmKPqZlevyZozz3HvVlN1QulZ6+KWZjvELP9wVlNOXol9atogf58gKN4loWeA9fZRP0SzKg0+rgDL4vx0SLjYI50vuHiPdvBUkeDWHA78Y3uuxacR4Hs5zTcJHa+mejPn06VBx/svobNhq79v9w==', N'cecilia23', N'www.youtube.com', N'', 2, CAST(N'2021-06-16T12:39:55.3940952' AS DateTime2), 10)
GO
INSERT [dbo].[UserPasswordPairs] ([Id], [EncryptedPassword], [Username], [Site], [Notes], [PasswordStrength], [LastModifiedDate], [Category_Id]) VALUES (49, N'O8jVQxhkKmRokmA+wOLhq4tgvx9alUV0dyWrZf0gFQ/u8p8sTAwEevKF1dk3RsDebsuNqRNvMWfyF995LGDEwCqNyqeOabeoruGioy7v8p7Wc7PPb6+uxvNN86OjjqLT6m35PrtI97I8iMvVK1anSCprkWxOYG5PIia3EQfYpOs8jaP2xrVbsFK4CEkR1cSw9yb4hoS9x1ujgjm2JWX6ASi9iB0gkYaTgpXwXc5MMpINiGLKIrkXVjcSHLhaUK2Dtgs6BOZ6d2SjN4H/7JruQHAkR6ia1VmVc1xWAURcy/Oj+xlYY0oyn8bATuL1fl4j9E8EAhEJYlSNQ9/jhdUkhQ==', N'cecilia24', N'www.freemusic.com', N'Página insegura', 3, CAST(N'2021-06-16T12:40:38.8902253' AS DateTime2), 10)
GO
INSERT [dbo].[UserPasswordPairs] ([Id], [EncryptedPassword], [Username], [Site], [Notes], [PasswordStrength], [LastModifiedDate], [Category_Id]) VALUES (50, N'NHp2oPK2hMTCZ9J0oG9eCBGMHYFwGarP7Hk7DvMDIMWFiZ5jcbbc6ibq63BUuYEBULX2G5pAwJzZURxtgilsyhQTVnzNph2vC7+D7WO03loMop6SrlpXqGAW7+9LP0WTB8/D3wsvya6VnmzaWxx9knGYLo/zcAb8rkXFZ5sgaNkakvNh8KX+zRTApLMKDtC51TTuGlW5yn255+yunellgfLD4tVA39n57qtktI6FiViibHocI7JOcM62awsyKHwcUfTSDO5dMiKTiacdWqe6RcMQp1waU2IgtKA/bDuyePJzh0LTV0DXAL6FhNenVfF6Oc1A04s7T4P3JpPwOj+tww==', N'cecilia25', N'www.amazonmusic.com', N'', 4, CAST(N'2019-04-12T12:41:31.2354493' AS DateTime2), 10)
GO
INSERT [dbo].[UserPasswordPairs] ([Id], [EncryptedPassword], [Username], [Site], [Notes], [PasswordStrength], [LastModifiedDate], [Category_Id]) VALUES (51, N'QNzxHL3xIwekMnjJfNGer8y16VVFzX3ZYN29ATCuSy+5KLEGO6AffKvSnex1AZIbzCqQ/PFXT2BFp9+Xhi1E78u6NaO2yfuumqXpbw6l+DuF1hHiAGjysn3ngSYhz6dhW6VjxJLMlPAa5zSKnlfAvT0f/p1LuZWMvq/zGDUPyRX7lcFzvd/WUhjdow1sA3a26FRyEQqSKTUqfio7gP3bSJ5QNCcmRyhg/5NwQAF4a/uxBKMHA8y83h0/xL2OPG/NRDgZSqb/vOcwZVh3RCoEv5J/T1hRBRNOW1bJfcJe/3BGE5XnvN5yFv+fILfwnkavSSjkc5JM/ufjss/Z6I3/nA==', N'pedro1', N'www.youtube.com', N'', 0, CAST(N'2021-06-16T12:43:13.5269766' AS DateTime2), 11)
GO
INSERT [dbo].[UserPasswordPairs] ([Id], [EncryptedPassword], [Username], [Site], [Notes], [PasswordStrength], [LastModifiedDate], [Category_Id]) VALUES (52, N'nJe4fcv08i40OT4AICkg43G5tsreKWHwnfAs4EvInzos6IaybavhTA/SCSiHwfMI2a4ex7fHAH6Z1MxqlImAFksDzezG5Oll+hRCt0Ulj2UUA+uawi4hh8AmyOANiDJA7cBif3bAnqsGfT6qVsjwK56P22pgtZNxb9oGt6ImJ3LFSRj6IzJGuGQbVqZ4SEj55gzx/rtnTvkF/mRY5hJU5lmAPMKtv6XW19GJKkPe83dFzZd+UAmuQ8T2y9/S8NonatouQUXYc8wfr/RTYtc/tUrs0hSv1S5Mvgo5otz/lV/ien5t6rPI7llliN2bIvM3WX82HL9exbt8YaxbvZGw4Q==', N'pedro2', N'www.twitter.com', N'', 1, CAST(N'2021-06-16T12:43:40.5145766' AS DateTime2), 11)
GO
INSERT [dbo].[UserPasswordPairs] ([Id], [EncryptedPassword], [Username], [Site], [Notes], [PasswordStrength], [LastModifiedDate], [Category_Id]) VALUES (53, N'aqGSYbDszf3F3nSuk2rtIkQMVOH1NyIT15N4vZU0RHdp2BxORaVkP5ao9JlswYfSpYFiX6eQCYeXKh8y303zSM/dehTWT9Mj93f51uOTKOM9JPG2vLrLe6MDV5eJ8s2yo5mnMwzW48jrIkX57IE4kO4Js9m/yovVoNaLoikmY/nvTtdtEAjSqtLFJBelpsB0oV7cs6ohFXkdEVoAhCAxsMUnfDx4KTQkZfOVObq47ZDmIRQ7NDdne0kb419icNWdAYa9vvuxcoy85X8j2gN0kdpQEhmqoiNjbIdpz+Kqo9fMJXrCD//2r4VEIWnsa8QtGDdTkS3ivwRqCdIu9iJdwg==', N'pedro3', N'www.netflix.com', N'', 2, CAST(N'2021-06-16T12:44:39.1350406' AS DateTime2), 11)
GO
INSERT [dbo].[UserPasswordPairs] ([Id], [EncryptedPassword], [Username], [Site], [Notes], [PasswordStrength], [LastModifiedDate], [Category_Id]) VALUES (54, N'tUg+Cd+tdNfxhgD3+Zq6xD+hrk7b+5iwm7njJrcIzKqXSngHGUhxe7XsEOR9O7K16TnZ55yYjRhIFs5P6arY0R3CbseLGPzZngb4FPE6FOIebTXjEct/TlMy7gOmcZlZ4JJvOEmsKWXtPrrQHg6lTFpPf4GSieu4b4Pe/kmjPUyHu1Fh4nmvZb5BjqKtyOuREPQjaZnmFZ09r+0xzYAqh/922g2Q9r9VOylEA3qpWLRnBofNbmUAI5liCBZpu2Kga0CMG1WZOpsS05cYW5nw1ktmRjK/6L5SEav7pvY5a+u57/5c/1O3UOPaEFTZOpeFwJqGtbma8Q7VcvmO0botXg==', N'pedro4', N'www.instagram.com', N'', 3, CAST(N'2021-06-16T12:45:10.9266129' AS DateTime2), 11)
GO
INSERT [dbo].[UserPasswordPairs] ([Id], [EncryptedPassword], [Username], [Site], [Notes], [PasswordStrength], [LastModifiedDate], [Category_Id]) VALUES (55, N'fPSN4HWFsWTKi9OFRAmKG6RaQhTcf1ZvmyjEJUS5t+m5RzVUFQsKXIS0nMHmMmsf4h4wCoi9eIrqFPuA6NLYtydkxfBNHcijPmNP0ws3mEVzFdrpiyWj9xdhKOmFYxKYKuYcR//u+9MBog3lHW4fRvVmvvTs2GLPCKQPBR26JPa7PVboEIWup6XriNH1iYHiRSCs9kM6xM9DDK3g0zZooogNfbCPmcRgEszyIxHWwcXlJHMjuU06a42rqywGwts2JMBLSeUE7T4/Cs+e6UYJcKuvHMz9cakk/QIcq9mnD/K3vjjMonlmBssGlFoMlfghoDI9ZQ8fJZt46Jwiqn8tIQ==', N'pedro5', N'www.tiktok.com', N'', 4, CAST(N'2018-05-18T12:45:33.0940690' AS DateTime2), 11)
GO
INSERT [dbo].[UserPasswordPairs] ([Id], [EncryptedPassword], [Username], [Site], [Notes], [PasswordStrength], [LastModifiedDate], [Category_Id]) VALUES (56, N'BiMmVBD3WyFsFbVodHliVmFYNKBz9NcBDt1hSUzjZAmVp6b08zb/akFMhnLJKq8/0Rn5hH6IZxnx9Lm4WE//y/PxK9ypH6uzVNNNsa3fuL9PZymBpv4yzfw9fR8hNWjHLfRJbhWywz2RKj1nUjG5Ln+nOAFB3irUspKA0kP9AMe0hW1etEwGmCp7tvo5NvYmabzhlsTC3x9Fmz7dzU7BxDkPu5g6NehpGhZ8K/OydlUE1lv7ns8imfa9sF9KdD9p9Bg/OV552Ui+A6+i1mQ6lHXikYiMndI+qb5F140kdYggdbUW3c5ODCecFzawJV2BnvIfMc1I8bKxIwtAruu3Hw==', N'pedro6', N'www.outlook.com', N'', 0, CAST(N'2021-06-16T12:46:31.8110441' AS DateTime2), 12)
GO
INSERT [dbo].[UserPasswordPairs] ([Id], [EncryptedPassword], [Username], [Site], [Notes], [PasswordStrength], [LastModifiedDate], [Category_Id]) VALUES (57, N'apAcS7X05Fbkg4aTDk+Tb5wNUptmqhAm7flE3B7WSnNJp+HM3RM+QQ8LTttn1r/uL5+YHpkn5xQNCY11t03cDi83FL3xtFwY3iCsaWEktx+FaBPnDpW3mYqvwSMskwit7rGCJJ55nZfmsXs3Wwm8L7ZA9OaU1WxJr11dRFa4jcbXQ7wec+WzBeX0NpkuiYaOUkd2XecFhsxRsCcxoWhLt2970rAcoPmedKO/dEGsvVCY0B4hveOGM/CMJ2BoHP8Ia+Z993udHZg1xKLPrRkBk0jgw6heOlNGBolhCduQyZc8HxMRzNbPBvzrS6pp4HiKJYeeNIt73ivEWSYdKxdgxQ==', N'pedro7', N'www.studyonline.com', N'', 1, CAST(N'2021-06-16T12:46:56.7132078' AS DateTime2), 12)
GO
INSERT [dbo].[UserPasswordPairs] ([Id], [EncryptedPassword], [Username], [Site], [Notes], [PasswordStrength], [LastModifiedDate], [Category_Id]) VALUES (58, N'o7y1+fxijz8MiatDRtoVz/ZJ9csCRcexiYOOd2Q5pRbZPd4NQ4QAGYHaxjQvKD1E+Md2TV2iKrQoxalBAOvBJNMuPNKS4qo/W+o+t0bc+2ReOtaCXE39O+ZNB0r0qTU8ZCBp8JqrMTN3IhEXzVz5GKWYgFsIQSpoAQ8pSXyMyoL6FhJlccsR1+r/leTVVb1WyGtIko+MxiZVjp0MES6Lz6NFT0DxkQsLSrEvHhltO0jTi9HziGWrYW35TLYkYMqmQDl/120hMaOXADp8wp6Qj+lgzVY4bZlH0uJje+tSJ4o5CMWtW2DVref5UdOqWrOEfiDdI2AOF7ABC2SKKflntQ==', N'pedro8', N'www.wikipedia.com', N'', 2, CAST(N'2020-08-13T12:47:46.5289380' AS DateTime2), 12)
GO
INSERT [dbo].[UserPasswordPairs] ([Id], [EncryptedPassword], [Username], [Site], [Notes], [PasswordStrength], [LastModifiedDate], [Category_Id]) VALUES (59, N'vOnC5m2tT7XAnewikQ9IG00EdbN71XvcxSrHW6fMXYpcSh7yTfa5K8eYEHAZ74pTBFAaV0vNML2LbRvucYSdoHqmacmZE3HPLHfa1ulvdveNSCIvymeIfCTvyjqm3b6wJu9Hehl4DcFAyVfq2xZim3qmFTCRRL0ZmsXFyMo2fIiIyA6m2OwJi8gVkz6VoXU14AHjnQhNKi0t0ZCuecKzPO1tgG/RBKwCIpTkpTNqQE38FJ8wKHoMIFRJPBeWDmVjvccWxJXcs9evJAwKcmUvsCHlfI+a8jJ0y/ruCQGbOITNVi2GviHLeOmULDtfB3SOe092uXyHX+pLrDxMqTRMgA==', N'pedro9', N'www.gmail.com', N'', 3, CAST(N'2021-06-16T12:48:27.7641158' AS DateTime2), 12)
GO
INSERT [dbo].[UserPasswordPairs] ([Id], [EncryptedPassword], [Username], [Site], [Notes], [PasswordStrength], [LastModifiedDate], [Category_Id]) VALUES (60, N'i4kAbr7kVfvXj0JkNX6L43b7QMncEYTXaTv1iIypQmBVWAqUnDWtdcCYl7QuCwQS5StCbOIq+R7xFyGJXzuAasoOr4bsoZGQ1iYOCp7IJN9eUmuZwrX6aVryHt0++b9cv2f13/uH/D6s7sJHtGJYJBaPThe1KYC7XHHCynnNY0jU+8fEaBcl2s8ckDJiZcmDyOtqPNU8E10uTwEAcdvFsbX2rxGpRO9D+ZWD3gvhAFr0G6MWzJ5IZRRxrvrejjkBoUT4+LF53eMRwLrn16ZRZifFrntII49e88ck+igPNlLNBMTaTTlFFi7txkr0KTy6g+Fh0vtPJnqUlQJit2Kibg==', N'pedro10', N'www.teams.com', N'', 4, CAST(N'2020-01-01T12:49:14.7377852' AS DateTime2), 12)
GO
INSERT [dbo].[UserPasswordPairs] ([Id], [EncryptedPassword], [Username], [Site], [Notes], [PasswordStrength], [LastModifiedDate], [Category_Id]) VALUES (61, N'HoV7pf7Agf4Rr4FoJBxeVIjzsHqi4c4+bjxFGI/NfOLZh5eLKjUVWPsSovGnZeIw6BXO2B+g8xCkp3QQb5tkjV/e93ARaFXMs3n7Bd8OBc7ZwVaptt6a5KYMxdzL912CBtjhO+GWu8Ne10DPkk7vG0zsaYTya4AB7j/sOr/OXMIcZdqCvWXE/YUT1axldSpSayRe25FPi3k5LWVzfWTytUK4VtrchiOzHkAos+7Faz006BOOk8WHMjLrLOjG6jKcdv6DgTi42ojQqdwExsQL78Q6oGGRtWhqOazKZJEa3fsPc6dyDWuEIoCmpfK1hBogDVfVk8Nnpeud3WIDARToAA==', N'pedro11', N'www.photoshop.com', N'', 0, CAST(N'2021-06-16T12:49:53.6046843' AS DateTime2), 13)
GO
INSERT [dbo].[UserPasswordPairs] ([Id], [EncryptedPassword], [Username], [Site], [Notes], [PasswordStrength], [LastModifiedDate], [Category_Id]) VALUES (62, N'VoX2Gh19kFToQoAwDHzhFchnEijuQ3PWbMVsREtgxSSwFi+TLQ5Ym9VsQd3XG+Yc4nHKbfKDwOzLLb0OYUQlcBKR3no65/v1+rAowOgxwER5q6JCQBRwXPNgyl6wCSRdYZy1IyvlZ5UWmoU6QIlIYDVtpEA9fZGxgB9pr17azoD5fWK8Ib3DBx3Ejbpp/RVYMehAzPBDqB6e1N1LGQkBfwmM2Bb+yB5s1a9HOEG2o9vQ65/4xd+s8vauTr1L7QnsDQDgQQMeaeyozhEmhRSRpMqGi8uwCUNWzhmwCIWIGy6Tmnx8KpjHhx3qdfOuNIz+/5Sz1t4yYjxeq305r25i1Q==', N'pedro12', N'www.pinterest.com', N'', 1, CAST(N'2021-06-16T12:50:33.2015585' AS DateTime2), 13)
GO
INSERT [dbo].[UserPasswordPairs] ([Id], [EncryptedPassword], [Username], [Site], [Notes], [PasswordStrength], [LastModifiedDate], [Category_Id]) VALUES (63, N'BU3WYuvcH6x/CIsuc2QzJLWaS+G+fCrt7AsX+3VkRZmL/YA4NsnQow1v5hWS3ZKXxAm4znHwiPpY3Et1qHdRctlaiGzZwHLF3bahAUtyUf1EHbiSHESPHy5SktRpO57RnjsWEzhBkHBpwiI+EkNC+oA6TvFWm8JRYwh+cHGHkyIPPz8KzbelMbT23dpmB3c0rcTEiGSPkya0jZdgT6kIVZ17KnFj5u0UMJ19JbL+L7EildWH5r7A3HxnEPxv/05mmC7IUDnTR2aedaoDdANq10r6Azkdp+wHGMaJeIhjlv1Y6+WtbGnVp/jE2234fuf3p7Je69nVkZ9KnNRDt0TBeQ==', N'pedro13', N'www.draw.com', N'', 2, CAST(N'2019-03-13T12:51:26.3871370' AS DateTime2), 13)
GO
INSERT [dbo].[UserPasswordPairs] ([Id], [EncryptedPassword], [Username], [Site], [Notes], [PasswordStrength], [LastModifiedDate], [Category_Id]) VALUES (64, N'l7Te1pEfN4GA+uBi0xdwPA7ycfyOIxa2HjsWisd0esWDY9vvoAMECXT29MMKpldVi62vcgag+ceLlh3Z9jIBVQECoeVRMGUhLdf7Ygs9thYv375ONaoMN5oE7yArZ5ZEIqp4iRhD2Yag0+aODigUK8PWoDLMInfOQ48CLpOpanSsqn8R4G5on+j8zdZF3F7AtheIc7NsxzHQoHyE8XE2basJGIWNTTE9DR2lsa56sk/shPezJ/Ue5c+iHE9fh/Ltg+GBlAKq7nQ5K2Rj/WeW1dbt+ZqDUizb36OQCCLJ3PpCWWKop0k6wkAJao3mt+DKJnXsib55PZZhjNeXbrCbnw==', N'pedro14', N'www.paintonline.com', N'', 3, CAST(N'2021-06-16T12:52:08.2351762' AS DateTime2), 13)
GO
INSERT [dbo].[UserPasswordPairs] ([Id], [EncryptedPassword], [Username], [Site], [Notes], [PasswordStrength], [LastModifiedDate], [Category_Id]) VALUES (65, N'u8YQ+3milHrflE2gCv0QfNXp8CsYvlD8e6g6JsKmjSR4LNYbIFImIaW1Z3G9OWPeG1vNeY/vHlti5Wguts+Yp+pogiaV3xcxCqpOVDEnOw8gWfWts2LJg+hy9T1nsArPBvB1pPdTK6Wl+UA+dMfacPHF98F35XFWIAGtiBTBKxRpMf9eh1Piij6dhypVGTVL89O/M5Xb3kZ55Tx/bpU55J9AvDnnlOVvH9xledKizMUGtdc75gAPqpfsLfUZZ9vgIIDK89UMIkJSyHMPsHzdZE8OY69GJZNopfFdMOnmRPtN2WVm4vtYAyfpnuHzCaevDfxk6n/9ga5yfTdV0JlH+g==', N'pedro15', N'www.arqui.com', N'', 4, CAST(N'2020-08-14T12:52:40.2816763' AS DateTime2), 13)
GO
INSERT [dbo].[UserPasswordPairs] ([Id], [EncryptedPassword], [Username], [Site], [Notes], [PasswordStrength], [LastModifiedDate], [Category_Id]) VALUES (66, N'zMcFOVAeNRyHMExGt8nHOxW80raHIES1IIVUH4dsLA7+KYmL1rPGL863ZaJHw+iKw5+nC/m1f0cG+cDCZytpABt/v2/cBbCnMOoJcKGt39JzRQbbsyIRMOPHbVSQLMefOZApKYiPG5uaEid6S1xsQbExBuA4n/W1QStw5z7i8XK8IU7etWn/Vctyfinc7DJA0JesdzQysBIOTm5BC8trFh9vmpnMQTcVd1AOHI9GD7ArGccvvBZiFlaz/5oO6c06/TdztXW5TqNOuFJri3xCGsQUAXeFVs11E7/f84fv9Bske9GB9rZOMlXshvA1yXgY+B91CiLbE3kVGLMVa9pZ8A==', N'pedro16', N'www.elpais.com', N'', 0, CAST(N'2021-02-10T12:55:14.7125386' AS DateTime2), 14)
GO
INSERT [dbo].[UserPasswordPairs] ([Id], [EncryptedPassword], [Username], [Site], [Notes], [PasswordStrength], [LastModifiedDate], [Category_Id]) VALUES (67, N'zNStoHt2V3kvooSadfqIyPaL0g7AovfRpXBweXvuAwDrHRljun8uEHfJloeFhz/SaVbRYB63M6evBgEOK6IBP/oV91L1Ii5SpEDxx8texyGpKMPdVK19m3/liBM9P0o//mnCPpoTjem1mYeO9Mdh9J7zSt43JtqrZTARtobE/dWVLHwv6yMtS1pdIKdLAQ1cxdJupZ8WCOMjtgmSgXmif7pBfcZAKKw0iu2xeprgIib7v9gvoRkQBFcjTVv4GVEOClnJTBkwehI5LOdGE7thMYgFhkuXRVhSienfywviqueptZJZ9tzurmeITP1HJmrw0A6GUbnaJU82DvT7p/2d5A==', N'pedro17', N'www.elobservador.com', N'', 1, CAST(N'2021-06-16T12:55:43.6634888' AS DateTime2), 14)
GO
INSERT [dbo].[UserPasswordPairs] ([Id], [EncryptedPassword], [Username], [Site], [Notes], [PasswordStrength], [LastModifiedDate], [Category_Id]) VALUES (68, N'J2HFU0YL+2qduaz9oTVEVNSg4FipFM8EMWDRRP2YkzRNCDT9VsZ53GDmZOydxvwL//HKT4JIVzVFNeFpamS9SNhYIH+R0tgQUUN5ylhzCfe/sryPv6zUrJqMcaBSGBnaDBbnpLE8RYbG5Ipx0NEM1Q4qgqSJLsmwzfuSoiGqjBHH/4NwDtQsp0M2djlUnlsN4B+yVa58lx4GxL++1K8E52BP0vPrnz7MnWOIvk5cz+3vZybuPTMkYeZxdafmD3DnvtI81B2oJxuJcyuWt3EviwJo+usyBkb+e4qCHd3GM/Ovb7drrTbvPjsStHaHWC9xu/plA7oxltEeD12yuDLmKw==', N'pedro18', N'www.mundo.com', N'', 2, CAST(N'2021-06-16T12:56:31.2105841' AS DateTime2), 14)
GO
INSERT [dbo].[UserPasswordPairs] ([Id], [EncryptedPassword], [Username], [Site], [Notes], [PasswordStrength], [LastModifiedDate], [Category_Id]) VALUES (69, N'qA57yyhoY5y/4SKU3cDgvheLC1DvLvATvBpYl1CjAWVekXgm4cgC78xsTaFzESzu5fAzQTu7TFZLMvCZzRnUL8yoG0sCh49gZs7EIRlwb3OPDTif/NGHVFfKYdWUrqNAiGOJ2DRvzYXtxWpC2Y+omMGHC5vqCFKm4XVS0qDdqIy23MimOMZ4wFIQGk0IHKJGPCa0KhL5bjE7yqsGRZRX5WhMTNWnGxEngBZtStwlHVaBAJ9B5gA4xfGJLIzQoadMgCXgslBCWKeR78NcSb4/MecZBXRRjSN9WHbCC8x4QuzYXtFF19qhTo25qGRfRjYh7ofbK9tVKnc9DIZuJbkdOQ==', N'pedro19', N'www.lastnews.com', N'', 3, CAST(N'2021-06-16T12:57:15.9318275' AS DateTime2), 14)
GO
INSERT [dbo].[UserPasswordPairs] ([Id], [EncryptedPassword], [Username], [Site], [Notes], [PasswordStrength], [LastModifiedDate], [Category_Id]) VALUES (70, N'q01Q3gmCnHfK0ZYVNEoVjfrw8r/lpu3p2I0mw72QeJ2gis4oBafD+nMn45qj4eUuJFz9BI/zfjxq99m07V/MoKFc+4Wa71fvAWP0czisUYCypy1kgL6M7NK6db332JWFIvIrOEWYARnyNoa202nDkBKS1RZCGM6GwLcEhvT7xzE7YSB5Nxi/7MAFXIuzpVRq7FqgFJN0Jvwap21MZr8K4RUc8+iIG4gX8rfLOjFvGit3vm623gcoTKyN68mDwff2QxBVrn/VbNIg/+K50I8VBJmt1l1yFBjTUPdierBRvPbow9GCjv9ruo+qh9xku3AcSi5qPv1NBZXpNrsTxUzjaQ==', N'pedro20', N'www.news.com', N'', 4, CAST(N'2021-06-16T12:57:40.8587952' AS DateTime2), 14)
GO
INSERT [dbo].[UserPasswordPairs] ([Id], [EncryptedPassword], [Username], [Site], [Notes], [PasswordStrength], [LastModifiedDate], [Category_Id]) VALUES (71, N'OlMcv088S7ux7KKIayZwsr+C4fzOGPTDb3EZtAwFlqIbBPinoVw/L6rNki6OLh0JMxyXI9f7BPsY9l5bMeLFvn1gyCsz1JFN4EnIsVXayb0BoVNK/VusSxncwuo6l3e2Hw8fEs9frtK5YOyszVVW+cXhoo0RGdj00zdWoi7IMlh53Nt70SwLexHMNHUs6mZ2yQLH1Tulr5poI0yTUZ334FfIqjUhTGCSTMvxUXLhEMELmnGg6EHWeLApBrjj4yVJZoc8OwY+fGiCIf+u2bal86CVqMojfgv+YcYUOjvIjLnNkC5lujqmb4Bwa4J0hfwaiqsypr8o0GeVqdcTWW/xVg==', N'pedro21', N'www.linkedin.com', N'', 0, CAST(N'2021-06-16T12:59:16.6740707' AS DateTime2), 15)
GO
INSERT [dbo].[UserPasswordPairs] ([Id], [EncryptedPassword], [Username], [Site], [Notes], [PasswordStrength], [LastModifiedDate], [Category_Id]) VALUES (72, N'lVYxjXuDz9T8aoO15OUt63cXdENaySuRDKw4u06EWTo5GDFA3OIJIFwB79QL8my6lVCcJeg4gF8u9szB75TcAkfPlCKQlWUVM9olt2PMPW5wU3YFEOUoVhrZRi9xlMbfEb9HLW6I/1tmTlj3h+PbyuUj5vfdYd+laNlVCwgUMcBI7hrggZYnIk778K8uR4DUkIiSGEauxfL9z/ezLOzFC1Ic6HnIw8fkfpv9mMo0CY/+n7CNn75zTXzxvnzlkdykdj7GfoM4XNuo4pvkVsXD3F+nENJYOEWgt69OlMSThqUwM2ClT/j/ovW8r66os48oeFJap7R7w4cOsiILfsUNyg==', N'pedro22', N'www.gmail.com', N'', 1, CAST(N'2019-03-11T12:59:38.7725382' AS DateTime2), 15)
GO
INSERT [dbo].[UserPasswordPairs] ([Id], [EncryptedPassword], [Username], [Site], [Notes], [PasswordStrength], [LastModifiedDate], [Category_Id]) VALUES (73, N'ZO1BeHEaya44FFgQs8XZrOunMERGVLiWeraiJfdELrx4ekjrztTBJ3LYysxFFwag7Ei3jINyjwdh8Y77dWonho1WJYrGvHAUhV8B871CLIVGE7RM+9Qbzt8tgTV3rd2+Fcrmzh4t4p/u7fHTGLdt7eFlwKQR160zHwC7GEEQH8cbYkf4c4jDO30o6ktpGcNRc94awBDH5++IGTvHfcnLpU92Q0lSIzGL0I+NdyWieSYU5e50oZ51587s9DcujXiVTCDyCTJOf9OvRnLJ9l2/I3BNUGjtLRRvX0f9thqJFidKozQ5cxUp9jmriTBI1pCnXatHGl18GJ405Wz0oEqarQ==', N'pedro23', N'www.banco.com', N'', 2, CAST(N'2021-06-16T13:00:06.2179468' AS DateTime2), 15)
GO
INSERT [dbo].[UserPasswordPairs] ([Id], [EncryptedPassword], [Username], [Site], [Notes], [PasswordStrength], [LastModifiedDate], [Category_Id]) VALUES (74, N'IlTlevtM1bqkUB2/vUHEgWW/m0ZVwHi4MKBzmzSrKE746dr/fRLIGRxjprt7P0/dhZsHmualpfhBGQ2u8yQV1FOsjfWw5I57Lzq0/ItOQKHVdZ9hRjObua/lLVWUDIw2AujF1rfVHvzvxGwwfGZfFjFlyuPR7P6sXTaiN05MT3WXk/d7OSspdrV3sVr3dXKXb3M0naiZQ4p8/qjbpT7O+SfGYttfGWecln9eL5oEG6tmuRDIlbcH5cXIQhT6AtQ9YxN/7QGV6UMRVRQeITe62LOdf+dc0lUmtPEfCYw3JnDaYUAuRBiC1JtkDvyrbOPEiGW9q4cgXPvIwnVVYRk6jQ==', N'pedro24', N'www.zoom.us', N'', 3, CAST(N'2021-06-16T13:00:46.9835757' AS DateTime2), 15)
GO
INSERT [dbo].[UserPasswordPairs] ([Id], [EncryptedPassword], [Username], [Site], [Notes], [PasswordStrength], [LastModifiedDate], [Category_Id]) VALUES (75, N'Jq2UXxpUK83AUS/BB5rdGXTkVQELBW/FDv0nExKhp6+zL4s/jP/1hYW0nNQ2/KK+8KW/G35kIfTnUzgLycZj05o+OHhA7t49qRM9lhyaFwxcxT6FWTsLNlNqPdktMMm6YPT5728jDJBP3dsV0Ykq8H19MhyfBqHEwraCqZzZAgRx+4yL+VUqDro4ofTr+kyvEfAWi/eqapDnfgIaFgN6sF4p1Eau+lUG1xPxk/4+gSXP/40Oex4YETrahqjQdhsTxddssGhIANKUFiDk+u2VidITl9Ph+CEK99U7uXwG+i4yDLaeTvpyOk0UkWM0S6MJzJsBIDujWfp1XZQ7Pu6ihA==', N'pedro25', N'www.elviv.com', N'', 4, CAST(N'2021-06-16T13:01:36.5306122' AS DateTime2), 15)
GO
INSERT [dbo].[UserPasswordPairs] ([Id], [EncryptedPassword], [Username], [Site], [Notes], [PasswordStrength], [LastModifiedDate], [Category_Id]) VALUES (76, N'touQxmcip0p0quuuLsl9BDUESDgidRf0dZ/WJyJ08hTGmG6g0To2o680hmLpEkELJQdJGOAw7bZY+q25OUu+UtAYYAgH8IH2gzsu09JaXvM6fd0XO/vevQP9wmd6s4Vf7gs1JFclP6PIDpuIKAxFdSK3mzW9iR3iaPoR9jX5Fij1lU8e2kd5KqA6+cZVR3WPeu3z9iPppXu7gC/0xJRygSagizxklqys1XAmnkrPulCWWV/xZ+YTfIFIOso9gqs3XhQkNhB2Sq+5IpayJUSGl450ehAButwWbLmtAcEaHDh7cvfIflu8O6IxzrelUOOwhCbwnt+X3ODjveNTZBrSgQ==', N'isma1', N'www.hotmail.com', N'', 0, CAST(N'2018-04-04T13:03:53.4852717' AS DateTime2), 16)
GO
INSERT [dbo].[UserPasswordPairs] ([Id], [EncryptedPassword], [Username], [Site], [Notes], [PasswordStrength], [LastModifiedDate], [Category_Id]) VALUES (77, N'AO9zzM/ZD+BzvUd6HW5MeghU0wwJwD+7BXWf71FodAC/ILpL+V1biObzXV8/szQJzolBaf+GgkQB0ZcmMhG+2tbZZ4fpHvrkhXwHvxWKse2N1WasTDTeb5EU2booJRZuXJQO0SYgrzWbkxGqFaxDjvAlf719ow6kyOMyK0S3EYhsABCrhPDVA2RJ3hc+dLKcESFZ94FuBJKFKCpMMWWAD80rC6tP+WhGCdNGKPmHux30o6mlhnUQTrTZnlY/me6g7B0RD5r1I/8ZbQpmDt4feOEeeT3AoS3+LSlwZnOqUM+Ke4hY7r/JjWB1kwQSVL9cYYMoPMDdzv+zLIFTVbh7fQ==', N'isma2', N'www.zoom.us', N'', 1, CAST(N'2021-06-16T13:04:19.4995481' AS DateTime2), 16)
GO
INSERT [dbo].[UserPasswordPairs] ([Id], [EncryptedPassword], [Username], [Site], [Notes], [PasswordStrength], [LastModifiedDate], [Category_Id]) VALUES (78, N'0vNItmYHLlBnXaoUj7SENM2uY97p2xFuAZhbV8+sGl1A2NH/YtK7ziMlSe9o6/odPHCj2AHSA/wpaRdBpe0jg4c2nZ6rfXgWeqkMqqj4tLoY3ctcL2wrW+poQursvzCmmTJGJmNdx8QjZveQ9TwWCyn9kEPdTGlAzDL5W3G6PWcN8jqYQuXVdvxrAXn0T/H2dJ550jugqu+YVgMczrBOzz6wiw+5aTwKKxasNq6QsF1nuTsVWkYcM4xJO7yoeRCT6T6aiPdHYclpoO/YdQT64AAj83+/xj4l+D1+g+H330oVjpSnjuIvQFdvF4fbpwGSqcAXEw/8Ny1ChmWzH3HqmQ==', N'isma3', N'www.ort.edu.uy', N'', 2, CAST(N'2021-06-16T13:05:11.7586236' AS DateTime2), 16)
GO
INSERT [dbo].[UserPasswordPairs] ([Id], [EncryptedPassword], [Username], [Site], [Notes], [PasswordStrength], [LastModifiedDate], [Category_Id]) VALUES (79, N'xCKRxYRtQEscIqQGLZRPcD6e7YfTFNJCoqWOGFaCtYrKb8rxKyKa//HLGzY1sqaPOcLAznAPxaw2HowaRVfGFOGDHePf1wSBLRuf712P/MpD13Wqs4EO25emaW85TRBhtzMvA7HQeVEDTRhl77oZyVCh5V5ZB91CAVwvdicTU0TG7ssjhxyW8I5T3PSLgFvXVwQG5U4lMo1yY5eY5Nhi870wfRBGfZPEebIY5xXVvvp66RhtK3GzC+U8/hGkn74xIXK0Wn+DsBG0mCM8F5o4JauppQUWjSnELUHHJjSuz7C6mExeDKcsPuYad0mcnKYdzc7xgE7FdRrjGq6lC6hSRw==', N'isma4', N'www.cie.ort.edu.uy', N'', 3, CAST(N'2021-06-16T13:05:57.0157287' AS DateTime2), 16)
GO
INSERT [dbo].[UserPasswordPairs] ([Id], [EncryptedPassword], [Username], [Site], [Notes], [PasswordStrength], [LastModifiedDate], [Category_Id]) VALUES (80, N'EbB2Q1pRSzNqu6nTrjVvUfzQC0EXBeotmO9X8jHBuhLsY6v68/8uh26G3TWoZeReQwFarBLXENxwe0pNVVHNgagocOmgAEfyyxh48cp8ZQpNX8CZ2RtSi9YWB1NtG2KULY4MqdhZg5Boi1fR/WOSxrnxINNfo12Fu9nU1VpDjv8ltXsYVdGQ/FkbjYIlRJAvMAfpJqU0ukA80RvLlWUFwZ/cfgx0/2eQ2LwT3r8Bk59tFu1u4bi8Te8CHBz+oCFeMGgwxCpwaZKE1Oi1NFwTzEWKcFJxFlfP9Kx8T0h1SWe0ktMpQIOGbJbJKFj8VDRG5OmlJcUUoybPcqWkl5KMEA==', N'isma5', N'www.lab.com', N'', 4, CAST(N'2021-06-16T13:06:33.0506126' AS DateTime2), 16)
GO
INSERT [dbo].[UserPasswordPairs] ([Id], [EncryptedPassword], [Username], [Site], [Notes], [PasswordStrength], [LastModifiedDate], [Category_Id]) VALUES (81, N'UJxfBCY7pndXRXh7jlr1n2h26n0f58+10plqh7yTRl3Xg4MQHzqAIbrgsCmFMXJ7BajvoZv3UPU/VdcAXOJp1bdzkpfSEmW3pcPFFu8TT5j6nxIMVq0IgRjeLPNrn4+3+8Umthjk+HjYNPSmtfZYtVyiNYocKKS85XK+jjUizjjChwwKivERNN7zhgH3xDkc2Eg7C+BBJ82wleFiQI5SqtQYqE1iisqAKkPVWafVt+GpktkARhtsgMn7eQazNWhjenbVbg/jk1MC9U1UJ6koecPFABEHrl/smKG5iXucICf7SV8o3NltaVsuHIIETvYJWMs/bAiczJqydZ08Nnbf1w==', N'isma6', N'www.fb.com', N'', 0, CAST(N'2019-04-11T13:07:03.6695503' AS DateTime2), 17)
GO
INSERT [dbo].[UserPasswordPairs] ([Id], [EncryptedPassword], [Username], [Site], [Notes], [PasswordStrength], [LastModifiedDate], [Category_Id]) VALUES (82, N'XfS54YjOz4JOPVph8UWpmvgQBFKa2Cs+fuKM6bcZOiluVDG8QBSvA8r41aOhZBL/cyoNlHdpGEpUX+oK2eeFs8s/IebHA2QPJBGjWoDssg1obDmjxdTcG9SRZA0bonbX39fzMRQEiFkFvFVPg8IAyEXX+sRf647hRBWvq/J0OWGZ2CsnlL88uRDyMFmChcWZayX2VxqBM+66mhwO37gKpAjk5ZHMADV19kk+/LASrs4Qq51G5iYyXqtqh3gN2m7FjBxj1j5D2Au2Thhv9B0kJMQudx61ILdaQOSzUavXbxZZfaP8WnmLN+Jcx1z7Tg8w/9qv7rd0Vbf0M3RoUd5zDw==', N'isma7', N'www.whatsappweb.com', N'', 1, CAST(N'2021-06-16T13:07:38.7268738' AS DateTime2), 17)
GO
INSERT [dbo].[UserPasswordPairs] ([Id], [EncryptedPassword], [Username], [Site], [Notes], [PasswordStrength], [LastModifiedDate], [Category_Id]) VALUES (83, N'2iqtzRh3BdYUJMbcHgCT3FQSUql22mVmOPQl2+xsN6YN7PILxN74HSgdBw86TejZJpd9k9bow4D+UctzEQXKodGTU/4FZbrU90LXaP9iZ7MppVYoVPxZWEU3LAIRBHCutKYFbGIbberY1biF0ik6h0rYutZ/rEPOwWSpDuT+1q+ZIjaqqIMJqTyo69rIYEYSlI3Sgv4eWEizFp9a5Xi8ljQTq+8Szfq2g1IYSFtPXeEmttrh8k0Rx+36Nl5E97X5RD2+A93m+PUXe7RpNKf21gvwDBv8/z9zOTR0bNSU15WpYxt+7DWTC6a2mkU4DfaXRpi1AfxFHOgdaYp1pxjhJQ==', N'isma8', N'www.instagram.com', N'', 2, CAST(N'2021-06-16T13:08:13.0807478' AS DateTime2), 17)
GO
INSERT [dbo].[UserPasswordPairs] ([Id], [EncryptedPassword], [Username], [Site], [Notes], [PasswordStrength], [LastModifiedDate], [Category_Id]) VALUES (84, N'zewNspOfj8MxYn5rV5Ab1mWLz6C/BJopGT53giWyZ2bwWrN8JS5PPgiPrZEot+PCNxHTrAfTQhFqb4H4hYyAYzaZIu3PDmyB4x0ZR9rUEu+VMCHg7GSRlX0bDn1bbGsMjaShOqBvb37rLJuIE0xAaJIVfrJpHTbEjGVA7hvx/j7Xdxf2+wGuc7CsSKd/Y5X0yfaNyZVlzG/Ik+JghCEUeqbTlbvdE55opEIulvahactW/9J8e2aLI34z6/Skodk/9tnS2daMR4OiTSNzUagN7HiHw1y6GCY6s0uiA2ChKLiOpN9sGZvIR3Ohot3d2xVLziQbg2Jjr/SRypvSgYYjag==', N'isma9', N'www.messenger.com', N'', 3, CAST(N'2021-06-16T13:08:58.0035310' AS DateTime2), 17)
GO
INSERT [dbo].[UserPasswordPairs] ([Id], [EncryptedPassword], [Username], [Site], [Notes], [PasswordStrength], [LastModifiedDate], [Category_Id]) VALUES (85, N'AEzt171iFJ7MkoH8g2UvCBBNC9cAwgaIvQ/oUPsew414f2XIWj67Qh0oSXhlfOjjcX9MoH9PvR5uQuCsbsBPgzJ+FG1omgQZtjOyvcW0P9AxJ5CWAcJQ5NFdz00MFcKFYgkTSUYOm0WDC8n5gsfincniJiM2iB1m5V4B3AXiArZPm2/vO5lzKprGssvTXwG7NySqtsiH3zLmQEFTWZSXup0Xquea7nf93G2/K/Zrh7Xk9XFDFqY/tZ7veAlTifphnSgBPLtBBdmk4mX0ZSzOGD5YxELYaOEVHEKYUZcYVWiqzV/VBugEHUr6eDlFJtyLBqBzTvQnsI1jROmkCEhsfA==', N'isma10', N'www.myspace.com', N'', 4, CAST(N'2020-09-02T13:09:38.7163229' AS DateTime2), 17)
GO
INSERT [dbo].[UserPasswordPairs] ([Id], [EncryptedPassword], [Username], [Site], [Notes], [PasswordStrength], [LastModifiedDate], [Category_Id]) VALUES (86, N'oE3XZk5fnTQAuMDiPp3jmmstAz4qXOJJusG9BmSvRgRI6kpnjkaWq+TkdLHJtSV4TFZsla2Jal90xMvjELIDmMDg2i37+Cx0+OubL8V3xJLOvK4rI7PH1SJeRfuIH9bXHJSoz3Fk3V97+aiKrJLFPFPVduaDT8LXtXWtoM7pb9XV9OcERRFkjfvRxSw9XD0BZvZxy5p/guiVeVNRUVx4GpkIrJzh4DBLGxevCmIr7wQIddTvlm2xHCr26AjknGShhPQIByvr0XgDWFSbODDIlBWnfOhGp2anz0tHkE2Fn+8Iy4uddBjeDVeZofXRCTX/e/QSah2QsXVHHaE62bN+3Q==', N'isma11', N'www.mercadolibre.com', N'', 0, CAST(N'2021-06-16T13:11:25.2901441' AS DateTime2), 18)
GO
INSERT [dbo].[UserPasswordPairs] ([Id], [EncryptedPassword], [Username], [Site], [Notes], [PasswordStrength], [LastModifiedDate], [Category_Id]) VALUES (87, N'6eb/fevxSmqaW3TyC1vFR2Es5MFuY0VSdaUa5ihfTvq5pSmxTV0NipyDO0ulGSjkblwHmZUlBWPSET/4sDDJtYs4colHgDAkPzoR4ZSnuyUh/i8+ZloYYypVF8Iv4JR7lWyGYoIiza4Q+DiWGZPYf+6Un1CQ+kYbc/tWvv3Kf9YM8qoFe8+fFkdHDIXf7jAHiVTkNgCqOH80ycAwT74OyTYrQRRPwGYio3ixj6DgshRDN4J5kwCK96S3Kef0bTW3QKlvuaWURwyqL/a8YHnfUlBGDxAQQBh80OE5o9ZEMz6IW09yukfnd1J3n5RXoung06KNqbURGmKdtdFJ6G6t3A==', N'isma12', N'www.amazon.com', N'', 1, CAST(N'2021-06-16T13:11:52.5924704' AS DateTime2), 18)
GO
INSERT [dbo].[UserPasswordPairs] ([Id], [EncryptedPassword], [Username], [Site], [Notes], [PasswordStrength], [LastModifiedDate], [Category_Id]) VALUES (88, N'vl5rffeoAdK/J4VUxnudI8qrrvifmiHSrAqxgFCc6uG7ZrdHcPiZa/euf7FqHW873nQuENiXdzLQR4egqleOUz5GKNRsZBor3wB9/o8v+fdcUFp0P2fpNMyER/f0amtzDQrMImZ8eA7nqO6y4SAZnRpAWcTxpFZJyI/53l98s/xRRidjRE10tbY4NWkcWTCEmmh6zWcAPeZ3WECd8V6Nuefmwbq9pPHHQb69VPNdcqo9TAaVFRCkUJF4yMPU5UpphQuHOZk3QUZyNCE38FWrHKh+zMnM8wbhK/BtUwQNaXBiE7AFPCTzupHk8dPj6xP5Ea86ZPavH9XY35+UMsxDig==', N'isma13', N'www.nego.com', N'', 2, CAST(N'2018-04-03T13:12:28.3196449' AS DateTime2), 18)
GO
INSERT [dbo].[UserPasswordPairs] ([Id], [EncryptedPassword], [Username], [Site], [Notes], [PasswordStrength], [LastModifiedDate], [Category_Id]) VALUES (89, N'MPHnte6TWq30xRWpM1YAGWJiE0S1cgncGfJJunaaK0uMVKSTDRbrmuIQLgrFaNY1A3G8CvZJRd3a1S75WX0m4IlgS2/w26mzTWf0xku8VXfNdk4l7a50ofGIAO9CzIXnj2rAbBLI5V5KzwV9gLyNd31sFbcNI/VSBDGuUG2YLDQ2eLXTyCKShb/ySyF3biFn+8Jj6pOp6X+YDbQETe1OSwkI306SjVTPF2yS0xDbArqsOrbAyudeCtKWgnohwwAD8uYZecbbomKZc1PSnssBM1Q1UhtxCeU2oO3mNcLnv9KGqA2sMoOqyBojSQQ6ONpszbI4ZrNwEYEvnqqAj8AySg==', N'isma14', N'www.malen.com', N'', 3, CAST(N'2021-06-16T13:13:06.4192880' AS DateTime2), 18)
GO
INSERT [dbo].[UserPasswordPairs] ([Id], [EncryptedPassword], [Username], [Site], [Notes], [PasswordStrength], [LastModifiedDate], [Category_Id]) VALUES (90, N'e5PHxMFbP5YA6uT+o+K3mNTmD1HAKhWpxcUf3xv0IKuADMpEugANJgm4ICgtrwcDyyyY1SSXylTPLaxXxRxBw8hrrMlm+VRWAqkqJukDmg9AXKrq89YFnJVdB7S4KtigTFYlcUE2vdhXaoI/eLWcH8Px5swU2sjsddwye707P92blu2Jy3M1A9d38YZqnTJapBrUKBKSU7mpPQbp87sU7qYrQjgkPl494TMUJOB0M5pIxYg5nOPDDNH9zk6rAAqtiVvUVFNiEqzlqpYOsPUvwkWB9FVliiYG3crJR0ZajpUrWxouHW9zRDsywwoApJACNX4eLu6b2HVxKeZZQtpxbg==', N'isma15', N'www.hanwork.com', N'', 4, CAST(N'2021-06-16T13:13:43.4819878' AS DateTime2), 18)
GO
INSERT [dbo].[UserPasswordPairs] ([Id], [EncryptedPassword], [Username], [Site], [Notes], [PasswordStrength], [LastModifiedDate], [Category_Id]) VALUES (91, N'u0HnqRcJOFwgNxIiakUJhrivEPhsEpVvU7m4J1XUPDrr78MQgWHwmsmnUPoG0K6le04+OcbXJ/DaoeGpLo0Ywukgw7oHWyzwIo0qPklW+8Oi9CMj+i+jv/jgMYBfQZylWAfcxGt4FlC26FtVCr68BpBNS0DXioy1MAW15HcUtMBnN6+Y/V+FZVxFN1IL9ZgTcV2lo+56rY7Bi/FZi3Ay5XNyQrfCBuh0HMXomnDXo3rMfb1sQrfk4mXaG4mMigHtFI53gBv4FlphuKx+tEnfM0/TTXWKVHaLYf19ffQh7NTzFUETqJSWciaAcsknncRhR3LQ7WE7KZW6bIca/KvTGw==', N'isma16', N'www.galua.com', N'', 0, CAST(N'2021-06-16T13:14:21.0747061' AS DateTime2), 19)
GO
INSERT [dbo].[UserPasswordPairs] ([Id], [EncryptedPassword], [Username], [Site], [Notes], [PasswordStrength], [LastModifiedDate], [Category_Id]) VALUES (92, N'iiF3dEz0G/yEsGpyRd8eEgkKXcnoTZKCDTxjHteeQsMsMxg9LtIq0vR6auA7gW3VQDEgIWFngOlWrxoY1rkjdYBjTvXrsZcruwxGNB77bJIBSu3vaYc0SQl5e54D6Mm7jAJUT3iodSz0B/mXn9T8YzOXQBl3Kjpx/1ZKbDjVerGEV6LO3Sac+UcTe4jPKIaY9yrbi+fzVKnrWRd8+BXI9ZIPshRXtzLFsDu87sErOjDRZHtTiLYO5Ath94I7FSYkQ9lC61bkPwVQhtvwwUFvj4X0X0Ftzyki7JMtN15jejIrL8RiSQcwsL19BklLAYV9tj+kHkrtXmID4tLucTIGWA==', N'isma17', N'www.eman.com', N'', 1, CAST(N'2021-06-16T13:15:53.1305215' AS DateTime2), 19)
GO
INSERT [dbo].[UserPasswordPairs] ([Id], [EncryptedPassword], [Username], [Site], [Notes], [PasswordStrength], [LastModifiedDate], [Category_Id]) VALUES (93, N'Vgn/g9o98DmMgfq5HGVGpjQKB6nubXOx9PQ+7XABCJAAfFUMj77OMeAqdz9e7K01ihr6OCALpKcBfniLMmcEVtXq21MzS9BtF4NdlvM4SQiXraBxXFQuN/JMb0XaFNqgotvDu6Mn7HHKlknXpZfoM3jHVUytYmYxCn9D2qN2dqWaizT9e5xKGUqdCZ6vC43tPjjGs39zELBafx+K7zOcNQTAkpRfk6DfHWeYnW1frVQ5DwPcmjnISfA2HxAGQdoXL4EJ+ppf59ZSEdrOLy/9/PuThDO5WBMcsjczjhR0Lr68JSHuEH79rs7+Nq3q/J1HG62iHgwdbEOtbjWOgDo9Qg==', N'isma18', N'www.indigo.com', N'', 2, CAST(N'2021-06-16T13:16:32.8129429' AS DateTime2), 19)
GO
INSERT [dbo].[UserPasswordPairs] ([Id], [EncryptedPassword], [Username], [Site], [Notes], [PasswordStrength], [LastModifiedDate], [Category_Id]) VALUES (94, N'G0itx0ECP253vrb2vjIzYItmfCQvbySOIpUGZw+mKAkd7nvCHL4YUttpbZNwl0x+2buzqAQYk/N7EhzlJqWf6rpo5ExGg6XaVLHuX85MSD2yM/qPdFQQfH8SmYdLfpxMZbb1N5PMdHBtK34PLUGAW0O94hgAr8GpzXcOlI8XtGLNWpGSwQA6blYLAXeOJC77oWN8NqTzk545ajaSoEs9o8Reg/wuLZtQ1ifHr9CLyO5f2cKHu8fVJ04mTywcxf8RxsHhrmhSwJ6VcJtWK+zW1PcrplQ3Xf4ZNqJwT0fIQL2j7a+ENeBCX2/DA3pi8f2tgZsm0tJoJSavywSoiur2nw==', N'isma19', N'www.alinca.com', N'Contraseña segura!', 3, CAST(N'2019-02-27T13:17:38.3690152' AS DateTime2), 19)
GO
INSERT [dbo].[UserPasswordPairs] ([Id], [EncryptedPassword], [Username], [Site], [Notes], [PasswordStrength], [LastModifiedDate], [Category_Id]) VALUES (95, N'gg75tIfaGGLY/EoXcg01YH+oL0RoCde58whNp0OlmX2wq7AhX4y9Yq9bmTXPiboOrdNGwCxUpU3gsNOp8eREkg3A3gzYJswyvYhAJjDaZxwfvsPoOt6bQPIxpKDjfGZkyNP0upP1MCFsU8BWSOgeEedrakNL+QzAQ27ClRwSuNOS/HhWiasJRmalp7g1vKCecaH1QtZK6vE88hg+73F/iNXv3+aaNZdeNCSdlYKOr+JJ8WMhP5RL5xruadnvCc7hilVlez5Vulhtpzr7YuU7aSXTA5d8J63j8fFvHSksFuXif9rSBO5ltSbG4ptyYld4rCSSJxuF/BdSS1+CsfHLPw==', N'isma20', N'www.linus.com', N'', 4, CAST(N'2021-06-16T13:19:00.0544541' AS DateTime2), 19)
GO
INSERT [dbo].[UserPasswordPairs] ([Id], [EncryptedPassword], [Username], [Site], [Notes], [PasswordStrength], [LastModifiedDate], [Category_Id]) VALUES (96, N'4rBW9rXZtdxP9B+0CDS+Cd4ri9to8Vv5grvf0jKNrTXDxBeMgYeQfxXL5NF/XjM4CvCk/jQlo15luoKYSEcGQvVvj3e8j5PaDbhELvReh5+taXQWKe7xV17iPXv2y15tPjM9f+4zE+ZNQEceRnWJiAm5pVpKLNUtyqa/h7qtFrjNJ+wkSFgjmXVRBHxjsLOiOcveb/uWniXwke0633c83v0UcU1wXQhHsWAnyqsOS//6432keV7gNB0X+ZAMxMoZ8VE+vDNBy3+nvyV4J2dyKLFI4fVc90WUNmyzCi7thH/bfxNGum+eonOeJ0C8WuTSgX7sd2P4h9hT4E0H9YsSGQ==', N'isma21', N'www.netflix.com', N'', 0, CAST(N'2018-04-20T13:20:09.7681671' AS DateTime2), 20)
GO
INSERT [dbo].[UserPasswordPairs] ([Id], [EncryptedPassword], [Username], [Site], [Notes], [PasswordStrength], [LastModifiedDate], [Category_Id]) VALUES (97, N'5lReeR2fscFnMxBkelhhFAZFCtCvZMRBMG8HolYBUutUz3hpPcGIxly2ZuFs4Lm67XRTZ4IGDjPRHCUJy59fRWhbQBgEA5JH5k7bIeNmAjVSTaLpOzAnZORVeXbr8XRna5RkqTkLyIuqTY4GQApI+cyLxp4T/ytfNjxTzva0M6W0m/IoyeZ7NkgJa/saVWoNRSj0ZsFgaQcskaYcjmvOJHXTQp7UGSbsD8IGdSKWmhfuYoUJkLlFO9uZRgjdC3iLgT4a5CjNilJMZJWRcsL3pqvOEMzfOrLNtYpAg3vfkcjC1riLouyTsuTOEt2HfKyaGDST2xWZj4r7bdWabVhlVQ==', N'isma22', N'www.disneyplus.com', N'', 1, CAST(N'2021-06-16T13:20:38.5615705' AS DateTime2), 20)
GO
INSERT [dbo].[UserPasswordPairs] ([Id], [EncryptedPassword], [Username], [Site], [Notes], [PasswordStrength], [LastModifiedDate], [Category_Id]) VALUES (98, N'bNYqCn2XigurACiOgdvE9fJGzu6sMFLVFAUaSVM1MJordKVmhTCqPhB120NuidOShIjPxc7UuS02DDekRbQqLnG9xAIKh1U2RAzi6uFLK0olIb9jiPNShi2HkVtDV3lnPUuIgGWTeFM3lnHUC8U7r8US6IAv4fKFRX/BXhZUltL9ZdMX97znCCC3reIdtNeaHnX+mjgyH+SJQdQm8KNuZCugBFIb0hDKJEySOrBSoOZSobrWrJj/IhuV5DIa/a6vuY047K8V4eMDnBXmsCvdVqMsFDcJwdR9zEpUIym3n4pO1qyXPnDJfi9c6R5X3sm3ANw0FnSvA6kZljkMXhlGpw==', N'isma23', N'www.youtube.com', N'', 2, CAST(N'2021-06-16T13:21:18.6661017' AS DateTime2), 20)
GO
INSERT [dbo].[UserPasswordPairs] ([Id], [EncryptedPassword], [Username], [Site], [Notes], [PasswordStrength], [LastModifiedDate], [Category_Id]) VALUES (99, N'jw6J3psqkA64tLQriNWRG5fp6waBPvyOFsUpWSl7mP6PeeSyKhRlP9UPdCZIOjZg2UJvmo6WU2BOsr5rtBHhcatmeq7HImfzIMTHtaMz+G2R7C//S1geFvSnwk5d0RWJ7p2m22+ipcN7Fufw2eAQFfMDO7d3bnwfkGGP/4V4Fccdt699q88zt0U8MRfQpj91ZFIKUBn+XTcDkpq4tCnj+WAxEYMw5u+Iby+qYoEsSs7l0qfWgdSesT2Axiw5NP4omfIWJRmS8bahkRYSVcgJT7VTVWulrMyLnMiE8y1D3LWQbbly4J2a/PdJ54hcqhg4ZaGtnV/6ewcpYDTT7DcxZA==', N'isma24', N'www.cuevana2.tv', N'', 3, CAST(N'2021-06-16T13:21:51.6306317' AS DateTime2), 20)
GO
INSERT [dbo].[UserPasswordPairs] ([Id], [EncryptedPassword], [Username], [Site], [Notes], [PasswordStrength], [LastModifiedDate], [Category_Id]) VALUES (100, N'LTyy44pwK81GCbQj0NHkPZL/c2MC+0Lc+sZ59cso3SE4+s1MdXi2oRcvK8z1+HUEA+3aANPiJxoSB5K+qYZacDMbJYpp0kyPp03Cty53mR9jgJcOMn0Vc8VRgx/m6nHNeVu4G8uAUZjIJ49J92bcPNBTdWJ5XbAecruNP+91725GhRJej6j1GrmDUF1GmvWi5INdYRJGQ4SiqlvLqBUFYVo+5x/AZll5FEu3mLpiHuJ+zXxwCpHEB6Y7NNnBrakhuTENn1hpp283GezMrJ9tQRu5Er0lZt/UjIt7RwGguiZKIV3EvBCWMk9puW+3qHb++HeuVmO2omOCOpBcFuFngA==', N'isma25', N'www.primevideo.com', N'', 4, CAST(N'2019-11-10T13:22:32.2858413' AS DateTime2), 20)
GO
INSERT [dbo].[UserPasswordPairs] ([Id], [EncryptedPassword], [Username], [Site], [Notes], [PasswordStrength], [LastModifiedDate], [Category_Id]) VALUES (101, N'ebf+fo2DMZ2Ea6SD1lxvK3u/DbF7/VBfgBjJCJfLd7SRp0BL9mGPsDRQdH720pu5CWGG0zMRqWJkoXvrW1xRz6Q3sxpAa3LaJnZZaN8ZYCQX4ebhZIdcs9WM+24/qpWTFxmEt2rolFbQyG/xRtFpxwcr8UUy96Xz5SHLq7GjEg8gV+27vBmGEp9CyGyKUJXQ4bPFOHRAJsBuPYD+gTGzzG8ba/dR0GK2k3WAH9yiI40zAdJXBPwmJNJrAKYaCFHG8SK3W95iwfWkISafwURhYs6Z7fG5HHTUiunkKK/FM3jrRx99QwPAm/dIE4FIwdOVhls+xYLcY1ur1w1zIAbkIQ==', N'henry1', N'www.wikipedia.com', N'', 0, CAST(N'2021-06-16T13:24:36.1320666' AS DateTime2), 21)
GO
INSERT [dbo].[UserPasswordPairs] ([Id], [EncryptedPassword], [Username], [Site], [Notes], [PasswordStrength], [LastModifiedDate], [Category_Id]) VALUES (102, N'oqciTRmQdBCJ7UtKs+hk+Z0UHFC/cALV7tjv13i/7qWQ+q24F9NGb5iusT9GD2TflF2hlO6oOFKnBggZQyS/L9K3keL88kWcljJ8SJtfadSnsHGAOpCjIw4xdt89ubfN9HuUKkkw2Sh1UhL9tBNX1iLlBLpA/uRYkGFhDEPi7RfcqGQYB+8jyxQSWUXshT6/GpjzRaZJVwiRNGXk0hTI7vIfCa39bhl8RJhC9k5GJA2kE6Dtx8Qcm159Faut3I3s4CPvAStg2dbXfRKReSps8RJMpiWrsxd8JQzvV+5bI/5MPZDzNLV0trSYusSbbcv4Z0OFL2wCubDnjZuZGxHYvQ==', N'henry2', N'www.wiki.com', N'', 1, CAST(N'2021-06-16T13:25:11.5551883' AS DateTime2), 21)
GO
INSERT [dbo].[UserPasswordPairs] ([Id], [EncryptedPassword], [Username], [Site], [Notes], [PasswordStrength], [LastModifiedDate], [Category_Id]) VALUES (103, N'WaQomgNAapUds530Mu+gyc4d93XIs34VfCGmIbx0GtBEpTX4hnqoMT/wv/VJBZJyT4e62YnHMl2ygMs+VRZ01HhWqiwbDwxcCjPZwGqNQ9+dE+GRd0tTdovbugyUAHlXzg7OFvEciytsGVsmcDKC9OomRyuSVquTOaktc/FQRPpaIIjyoda2Jgs2vK2KhXYnVkoE87cTXcEj4ZxHhYALm/23jIItZi0Pz1PJYG2fK9h9y0Cxb3qFr+2vn6T0rMd884lMik09gg2vgXMlvPmzLRts0I39jhdm5K6gfelgtGc2YzSMo63xvOyAW2iCRxHMVNE99DeDw0/ry33Y/esVsg==', N'henry3', N'www.wikihow.com', N'', 2, CAST(N'2021-06-16T13:25:38.8261178' AS DateTime2), 21)
GO
INSERT [dbo].[UserPasswordPairs] ([Id], [EncryptedPassword], [Username], [Site], [Notes], [PasswordStrength], [LastModifiedDate], [Category_Id]) VALUES (104, N'vLEt8rkO1EFUBkwC3HnNKGvg/DAS5Ab3+h8Rq9jyceQCdhP9UjbNFeNU8Twp1zJgmhPjVzqs8Gz6JJuu2UzcZIHvDsLiJeDInoHvaDNr4eSdaDayGeH1rCnubukL9+Xe0XChnLVdFU4mTo2SHBpthhsSQGIGWod+SIwevEfsEm3XSsnFuopTTDoWMvjNHBbJ7r40l3czutRJ5RtDpRp4GQgWMhJgdePExHJkz12HPTW/7tU/8Dgk9K1joREnyJuUt6/HVQBs5M+QMj2lJAigLsLF+2Rgi5/9BTtsGxsN1Yl5oG7ZvCRyLCUODpQciF5xnJERd+VL3+LR7EUL9INTCQ==', N'henry4', N'www.wikibook.com', N'', 3, CAST(N'2021-06-16T13:26:19.0984817' AS DateTime2), 21)
GO
INSERT [dbo].[UserPasswordPairs] ([Id], [EncryptedPassword], [Username], [Site], [Notes], [PasswordStrength], [LastModifiedDate], [Category_Id]) VALUES (105, N'r+BL333CB6RNUJ7JERffk5JBA5lIjia8BDlMKB5Lp7gecbJE+pwxUKuw89B20rtVVDgw/qKNO1HsfOkx5UI9wm5GjSS0An2eOQDK92mUUI60Xf7y+XiKSeBR5WXRshBsBFyp3CY+DGf2w67tSWFzYjpmaWhl2ceNCVEaUPljUy4lFC4ZJ5iLCEG3sINUnIh5ydLfEgtSS8sIJWRYjXQIoiA4v0r9fgs2vB7rCt8+oLBz6ijBYbX/pGhSCwz6NvjZoxvfiWuEAc9MHvymEAPjkcxmFfXX3YDePy5Q3+pvqC/ONm7K3Qusp2QITqqseb9o84MsgM08WSlSms6Amimdyw==', N'henry5', N'www.wikipa.com', N'', 4, CAST(N'2021-06-16T13:26:42.1717817' AS DateTime2), 21)
GO
INSERT [dbo].[UserPasswordPairs] ([Id], [EncryptedPassword], [Username], [Site], [Notes], [PasswordStrength], [LastModifiedDate], [Category_Id]) VALUES (106, N'sUYHusRGuRacsl6t1TgfF2CxxOcTRjBPqXXjw+TMCfgeLGr0lS8Qz8HqJVuegqbg9GcWfaTgVRsz6MhkmwF7NieZz2LuWSBfDK7Rhm2RENx0z1yeAm8aLXVGKFLRqGaWBJFedmHQL/UPPcMCx41lEC4F6Q7VsVLo0KDm+v2LGsEgxGPRwKW9DpvELFfuygnwDLuBH9eHnUe22fZgOZKC2wrvzyCPzw0zd6bVkInJDl9R8pqqmhsGmG/dBwbNvXrLCxMmkTzrcvYxIVeQGb/IrzQi25jGrdwynm577K46mRgn3xGw6EUolEPhYtGUozo3RcAbcg/xHM2szC5c3W9yLA==', N'henry6', N'www.gmail.com', N'', 0, CAST(N'2020-05-03T13:27:12.7459506' AS DateTime2), 22)
GO
INSERT [dbo].[UserPasswordPairs] ([Id], [EncryptedPassword], [Username], [Site], [Notes], [PasswordStrength], [LastModifiedDate], [Category_Id]) VALUES (107, N'ghAH8Sca+nGaQRGMN+9RPN7GGsRJJPCXTOZvZx+5wHX5DzkRrgmThb3eQDwa+nVmwrNEFyXTlhKnJqqOeUjwXA+OApMM349HbHosPxWDnxBN5jO6tBjUzlZKMDrgef5JlErUzMW8yKCImhA2EQ/NycFiMZ6Km6vYVT63pMrq+N6Elm4KjvxgZBqbUEKzRuslVi3TjqHnrkbLRjMKKln6Dma7QsvF0dNSZql12V+29DucG3EiLua8XHeWJOVp1CNS3sLaVNBtFRunPhJrHZqyrg6Ouzc0jX/wGrruPLmIWUMU60PSqRTQC2MpEhWJzfOKOe9T4H32dDyYrQKFvqQ0+Q==', N'henry7', N'www.hotmail.com', N'', 1, CAST(N'2021-06-16T13:27:59.9601361' AS DateTime2), 22)
GO
INSERT [dbo].[UserPasswordPairs] ([Id], [EncryptedPassword], [Username], [Site], [Notes], [PasswordStrength], [LastModifiedDate], [Category_Id]) VALUES (108, N'NZsWoww7ohX0FRdSTy5mYkhX+lgwR3X2FZaE1dGaCsQUXnA6KoQS26X36LRvH7UM+QJQ/hzAImmwSrX+jDO0bAk6tpzFdjyDiAJ7wnvhcwOla8EK9zTBsKDRIRa9gPhU5BSvJ7JqnvBuGDo5Q27F5vZPqmZUbeHvFokwdSX0/CHRRNomyM8chkJ4028KnQ7Yf9QwdbcpeH+ZSkM2sWO3AxVx+FNVYWzFIScr7L6Kzd+IeA59JQcPoHWBvF5JkXzVPlWoUsRJJIBmIPCxx6mZEAKUMJ8gfaSYTbjCODbIt9YtmIDsfp2hSNiHfvjtJhBkjPCciKj9kIhiNuHVd0p2gA==', N'henry8', N'www.outlook.com', N'', 2, CAST(N'2021-06-16T13:28:31.2192947' AS DateTime2), 22)
GO
INSERT [dbo].[UserPasswordPairs] ([Id], [EncryptedPassword], [Username], [Site], [Notes], [PasswordStrength], [LastModifiedDate], [Category_Id]) VALUES (109, N'IvW/wZ7O8fL+xPCG3PaFVKYBtR73tVzY6/fh3YvvTc6FbfXZ4iDqLWWx/vep0y1VVAAtPwVSffKLNXVnFqx8lwGHYb3PbBp/Nu34b3r2bN0liDrNNhhN3TwQzHGRqXMO3+CH+f07H9Y7kiAXROjkVuOGMfgFelfL7buRdiuwMPjdzoYHCAMKan0KDg8DhEaabIePXBWpRW9NJsX0orOnisq3RLJomgyAMmNPgvNfTatCJx7jQx99QziJyXc8rJiDmil9IH6aOfd4GYJzn6F1NwfAM4XTamWL+OsN0+74L0AEsHGZppKp2KRIeI4f4/QfxrMOuaG2k3psCXN7fURWjw==', N'henry9', N'www.correovera.com.uy', N'', 3, CAST(N'2018-02-10T13:29:04.9503489' AS DateTime2), 22)
GO
INSERT [dbo].[UserPasswordPairs] ([Id], [EncryptedPassword], [Username], [Site], [Notes], [PasswordStrength], [LastModifiedDate], [Category_Id]) VALUES (110, N'mpvPSumdRDRPaCcoq1i0oPVYb2YBLYJfm9paChFNeKoNeD57mOkho7DyTItfnf7P2kaI772dw03IHVEI1SnppRbtnel8Swh9fltzait6kwVcJIj3b+6WPDIuwVMhXsJrGfMfFqLqGBJtT03rRp/7HIQmY7FZ8v+dE4ve7XL5J+GAPU+pC2UWCVghETjGce2qKJtwqBq7mBLlRjvS0/06vGUSAh3/AdssWdPW6bcA32WiIRoAqHrXzdrs+vuS7Wq7Z3khh+YcEZMbFCamf/aZRaLcKcies3KDMI3/IY6rIfFQcZQ4shKe80yOTTy36AWfQWEzk8fMHp4lhM85yD9kcw==', N'henry10', N'www.yahoomail.com', N'', 4, CAST(N'2021-06-16T13:30:02.8630093' AS DateTime2), 22)
GO
INSERT [dbo].[UserPasswordPairs] ([Id], [EncryptedPassword], [Username], [Site], [Notes], [PasswordStrength], [LastModifiedDate], [Category_Id]) VALUES (111, N'wZCgEZf9EJGUc4swedcaHHJiLJqEsgP43u0YHLJWaBAqN7jwI7/6WW8ekLq3xEY4ygzcw0AktYCEJXLZwEUcvWkcJrxkz6zfpCfTA9N5YoDBANu2+L3Ascs8MBs2Wz8Ex6x06D+napF8GB5HOqxLqvgeVlEdGKwIolNhmFsWhs1g6KU48BQkB1Vt9Th+fUCc7Af6hJocyMBWT2mqB/V+I/FE5XEMJUMgqELUgsiG4oiR5pPthgqzrzRYMIIMsRatbLTnogD9kKBAuETlqX9cuP5Qb1Lf/FXKvn0/MXl2qkJn9K5WJtlGtzNSObgUi/zgODgWgrRbffhS54uCk/YNPA==', N'henry11', N'www.linuw.com', N'', 0, CAST(N'2021-06-16T13:30:49.3426791' AS DateTime2), 23)
GO
INSERT [dbo].[UserPasswordPairs] ([Id], [EncryptedPassword], [Username], [Site], [Notes], [PasswordStrength], [LastModifiedDate], [Category_Id]) VALUES (112, N'j8lijtleTW9pP/xlhqwihpox1xH/D641KZqJlyFhXwWIP8Fr8I6QfxwpF9ulDcdGXKaBoEWUmmRkPYM6/gSmkT9zfy2Voik1rh4hDIsT9oQ6qmsTDoqxkC4RPMP9002tvZqamMFhFmHHUo1HpBM962M3DzylD64QgokpCUCAyToEG3X4yegVjYcZSeMQDUfAMxTmbV+eM2JtW0BFGaSqp4Pv0R1BTMi0E2a1A5FbRECdiziq6YOA+lch2qRGZHLaoP+ngQqCa7vdANIUhjWBv//2U8Rg3rxLw+rsgbRJySaw8OBQHcdj+wFTbtOChaaZXtibQyaPPm3mdwLpnNhMhw==', N'henry12', N'www.gmail.com', N'', 1, CAST(N'2021-06-16T13:32:21.2229077' AS DateTime2), 23)
GO
INSERT [dbo].[UserPasswordPairs] ([Id], [EncryptedPassword], [Username], [Site], [Notes], [PasswordStrength], [LastModifiedDate], [Category_Id]) VALUES (113, N'NEpSrdeVTFh5F9h0sxZoUs6/PoNFKin5Ac2zBv8ERw+RKKxnLignTyBxhm6uc19gfeI0b8tJrfFbPo9gg9I91qtwy2h46GDz21upyxeg5ZO7TjGM/Q2oIq0cIwcs7oExbUqyEAUW3RejD0RUR39DXVKCIfIH9ufvqsDifNOJwmL+Zm6GMDxvmnUmgHZUZ4XQooBuPCMk42imHeSZfx30EPp5sL/JePgkvLspLvwUiV6S15LyvsAw9aq7lnc30++pIjO6IeaZG8Nh10Wya8V1d2wDoPMJQr18OcdpUV0l++aMJ3frc0C00CT/RN35t9M424ThuJtOPXaD35mk27K0FQ==', N'henry13', N'www.amalin.com', N'', 2, CAST(N'2020-03-02T13:32:57.4288832' AS DateTime2), 23)
GO
INSERT [dbo].[UserPasswordPairs] ([Id], [EncryptedPassword], [Username], [Site], [Notes], [PasswordStrength], [LastModifiedDate], [Category_Id]) VALUES (114, N'dgH/THeSAwTWu/EKc5OU+ZcY9uf6jTzlpdgm7Xwfkb3rYkcr+adubPKmjmYyOMA4TCKs9nFIpSqO2g4nUkAQOIzsFMPrmz4gFsggi/r1QCANOWtdVNFXOSgMPCYqoarIj8aDNKxUOwojtfxzDR5K6jfvTjSs6EeOMjp4wmNdgbRMbbDN174RnnwdRPIyE58ZiENvNJxo5IGn042dU3WuaZHa+1srRGKnjb6bJ9UxqzSAnh5R1QISpAnrlUnaCmuF36Jq752zzn0jIbvnndpi7vB4eKYA/au8Gt+b+DGeKWXa6Ug/2LQ9Zj5bw7LcDZ0BPojE/mkD4YAbP0WxD1KZtA==', N'henry14', N'www.nego.com', N'', 3, CAST(N'2021-06-16T13:33:33.2421279' AS DateTime2), 23)
GO
INSERT [dbo].[UserPasswordPairs] ([Id], [EncryptedPassword], [Username], [Site], [Notes], [PasswordStrength], [LastModifiedDate], [Category_Id]) VALUES (115, N'WQshJIyn7mdFeeUM8ODiO+IAT8VHQx1PfBkELpjcRzmsVMjKhfhVyq8RU75fSF3JuY6n9I4k3HwriCuAZeyI+4ea+QcfLVhw08vFoXzSiaMd1Lj91BDw3V53a0e+oYeyyojpQHRKVTS6GsM9ui16oUYhb9mArbzQqm6Hcq4235cp3/iMflWLeQxnrQIz5r9LCEwF0wk+V09d13XWy+I5I4y1z7/489C2windqp6apueWysWxajeqyA/CwYF2HbAGqmbo0bhqZJwTxmTWxVcoDZBAgQQ3h+pniQo0YRIm3P29z+idqv9TaqohUwQiht39wwN5ejQp/wt3r/5jHgwAOw==', N'henry15', N'www.alinca.com', N'', 4, CAST(N'2021-06-16T13:34:18.0095298' AS DateTime2), 23)
GO
INSERT [dbo].[UserPasswordPairs] ([Id], [EncryptedPassword], [Username], [Site], [Notes], [PasswordStrength], [LastModifiedDate], [Category_Id]) VALUES (116, N'ODBaS2i/UPsK0fyubsv01lTsm/2N9KrOW9ehycZHehaB+4Aqo/mZG+u1CkEGNzT4KtcjaQ0lX984LzlFNs4YWPfraQ7Aa6gWoxbiNjT3TZ7fTDWcTbp3SAJZ1VjO492DeEfUAwr7ZmPvdyzAfB3I8ScnMMX8vi46jpZ74QCY17GMBRfKd/1zJHR/GZUgJP4UtkkdJ4Tk4J99RX3mAneL8IaZGR394iAmnqwKEeRob69U4Xk8fzxStH4wpMQY210KSsseqOeDNE5OLJ349RUfPPQ6H47NGKAjQyGpD7B+eb/q1BzRgA03//bICSSmlVnS/SqInhC/brY5xjk6n9w/lQ==', N'henry16', N'www.gaia.com', N'', 0, CAST(N'2018-02-15T13:34:59.3148662' AS DateTime2), 24)
GO
INSERT [dbo].[UserPasswordPairs] ([Id], [EncryptedPassword], [Username], [Site], [Notes], [PasswordStrength], [LastModifiedDate], [Category_Id]) VALUES (117, N'C9fi2Q22TUO4TnETR58CsP/gwVxyW5DTkAyM8ICRB6CgSQ86ujdyQetCcHFhltm+fOnCHi13wFflXAcB37xat6feV3jJOMhQB7UUrP45Af0uqLA6g6mZWOVxGr0V34YYJ3yybJYrIEo4mdebs/Ciek0+ZQHbAK8i43QvTniRa1p36F+TGRQXlT03vWzrWUtrcJKiKwupdXCGKz4FkeVOzPrJrIfPH3xMtC9srkDGrcWjiQjHv9k5w8kk+Pc+EEcX2QOaIvd8LNaKAEiP5pxSSGO9DoxHl9Ks7KhAuoA20SoaQtmbTVze3dKspYWCDXIjdiBHtsaqsSHV+n2Kdyw6Lw==', N'henry17', N'www.emin.com', N'', 1, CAST(N'2021-06-16T13:35:25.4654467' AS DateTime2), 24)
GO
INSERT [dbo].[UserPasswordPairs] ([Id], [EncryptedPassword], [Username], [Site], [Notes], [PasswordStrength], [LastModifiedDate], [Category_Id]) VALUES (118, N'J3njvay6ROgFpcBVjBrgiIyHzjJ8qC6+Atw/B1E99Y8GozdX74K7Ra18uScO2qQXX7JhqWk7LMQAo9lRxnVwSmA9fQcQJyRfXw0DGBlGsZtuemWRFH9rhcCRLVDW0pz4nYRNjmsBOCuJvGSRWsQl8RwumBAgqWCIFLGmANlomqxxi26eNBLUF+xkWbxZ3uN8yXabz4LHX6JNDooYbbnKlJMAuZyBAgyRhgwFP01DMwnfXwFFH06qwC3C53yvtXechn4Z14GOrFePIfBs3SkhfputBZmVZJYhdo9Jt18GOl/lpATQU989OzdlOMI72JepQBlWY+f8JpEGv7OuF88qHQ==', N'henry18', N'www.indi.com', N'', 2, CAST(N'2021-06-16T13:35:55.8073006' AS DateTime2), 24)
GO
INSERT [dbo].[UserPasswordPairs] ([Id], [EncryptedPassword], [Username], [Site], [Notes], [PasswordStrength], [LastModifiedDate], [Category_Id]) VALUES (119, N'K99Gq3TY4gZ22IwYniDnuGdvHzAVPpNl9MSRR4yhhrFE8tX7K3qDgHgm8HhEnE5WVsBcDeH8NmVm+17TpwGCeW+2+soHQ1r80OGQEoYdB8gu4X0cYbSaWX+L4Z2AX+fmC0coIY8+GZDwjp9FXXbqZLH2YDRlEsKTL7ZQp5TCI0X03qHC9whOFsbOBZ1VMBsELU/d6ZxNN1tbmojxcjjV14dem7zTQj2Sf7poiU8yYOqRLZMn6/7u15yqBOfdVGVRJHChV1P8xdNDvYC6w8gQRbBzj1OkR7mFkBxqALRs/uITg8e70mus5kMswMFBl1CMlWM56L5CDtIj2DcJjL7pdQ==', N'henry19', N'www.amju.com', N'', 3, CAST(N'2021-06-16T13:36:34.5363516' AS DateTime2), 24)
GO
INSERT [dbo].[UserPasswordPairs] ([Id], [EncryptedPassword], [Username], [Site], [Notes], [PasswordStrength], [LastModifiedDate], [Category_Id]) VALUES (120, N'AQK/owDcYzfZ8ED9VTP1UovouP0ZuNqXY2uLtQkln9r2Z/WVBSJEqVA7ksvoYOs5VaPFpEwpMW6UG/52i00dFLIcBRwpTtV/qHuwGjKmnDBPhG23BjNq0EdlWeVYpeiAIKS483XsMNuNIazBkZ9WvR9HiaGGIxj11HcZsv7gO1TN2TgbSFKaDpk0EaDworNFTSmwOygCda+lNnTvkVkSEhNzNkbRXuELDiipMtRD/eZXEaKnSQcC92VYDr0+4Vbx/iZ+PVw8ZSlAPSXn0HjnFY6zCvmfeoxUupS/sXjZB/DgVSrz77VJWsDZseuprkHHfmfJrO9f75ZZ8GOJv5lzaQ==', N'henry20', N'www.linus.com', N'', 4, CAST(N'2020-03-25T13:36:57.3332924' AS DateTime2), 24)
GO
INSERT [dbo].[UserPasswordPairs] ([Id], [EncryptedPassword], [Username], [Site], [Notes], [PasswordStrength], [LastModifiedDate], [Category_Id]) VALUES (121, N'd3okfh7Gl2iUwyd/9g425v9g79ia85Nta+4R/Y4mYPJUe5uUJIPje9W6bNjlqDNj8s6740nfhEwyR9431XZvrojwYVYmWp7S4683yymjfizM+NoHnwA2VMd28j77r6BfteVEPsS3djALDq4A2de+jRyEjPXLRMsN/Q8M2AENbHpzEL9W/KbVZIv7NnumR5InNl68nzdZDWYyPF8axOuUBpSFGm2pbRPKjJe1ROFCcZYSkjzQyIcLDc/RUkegieGUHLCz5eKWl+ZVjTkYqY3LNclQy3zt7yrw+aaxdR6SKtwc+k4DRAbijya8J45WvXjtLWKHwMF/9LBnBswFx0LWAg==', N'henry21', N'www.mcdonalds.com', N'', 0, CAST(N'2021-06-16T13:37:26.9449512' AS DateTime2), 25)
GO
INSERT [dbo].[UserPasswordPairs] ([Id], [EncryptedPassword], [Username], [Site], [Notes], [PasswordStrength], [LastModifiedDate], [Category_Id]) VALUES (122, N'QDOW/0JlEqcdOsN6e0JvUEwB8p2ASQBIEmfNFnPd7r95K/pIutTjZRzjmVasUpwOhiod9vothgwfIRdxDHsW5179YmkxT0D/6QV0CXdKD4PraHTaKzcSnXSlQZBGkLxcl2frwndkVcdrX5psKeUUMNryy2E0xBT8k+W71+Tsb6Fx0PuIHwfoOEzakHfQEE5PFtgIbcwiJG7JMsnEzY4hcrXKHTHPDYsJX5BzXoqGx5fisPVN7yOMBM3Mdde806hzb1obg6D7TQ0xcwWw5bIVFdnkUSVouRu/EXrdZrW4glXiWrKtQwZxTs4VyrV8ZCvIdbTKRnag3DRqqFCXZ+MRFg==', N'henry22', N'www.burguerking.com', N'', 1, CAST(N'2021-06-16T13:37:57.3168926' AS DateTime2), 25)
GO
INSERT [dbo].[UserPasswordPairs] ([Id], [EncryptedPassword], [Username], [Site], [Notes], [PasswordStrength], [LastModifiedDate], [Category_Id]) VALUES (123, N'mFXfRMZsdHMO2/x69fNrewxwOjeb8jhzFV0vPWmkrZk/kmIzJkKiGqSOzD5O5AeEIJ2SIwCVKVS7VLzwpz3NbubZE4TF3sdG5lfFvz4mvxQOq5FwgvdKopWx6CzJ4s/+TCaopjsiBJrRmQkaXoC3KErXzHh71kthQ+QkSRuf3GJ2OlPbWXlbAxPQ3nd5npx6SRAKNFxab22a8jAchzMX37kAq5zgSkCT8pFKILyI3UqGfj8qd0zGrehE7wfVyK+FjJL2XEMol1Vm386iNrDRxR92cfP0zE2NFpNM+ELvwNPQuwrbRWU+3lTkDDHysBD+SYcxAcxLnK6R9GWT5Bfz5w==', N'henry23', N'www.lapasiva.com', N'', 2, CAST(N'2019-05-22T13:38:28.0931009' AS DateTime2), 25)
GO
INSERT [dbo].[UserPasswordPairs] ([Id], [EncryptedPassword], [Username], [Site], [Notes], [PasswordStrength], [LastModifiedDate], [Category_Id]) VALUES (124, N'rbTiPavHNktRMCV/1hNTTFKnYQovfQ6bgFB67XbS+184rqzWoeuHYfUnbrka50FpeRAGHjH0HOnrcFs4oRJYHOOOcA5OHZCfBzVLjw/IskE1vQIcG7oIWuoodpJx+bNfXn4FnbY2vz0KfY3yq0DyYmaj3Rf8LZcjsyVXmQJ7BXh0Dcb5mnP3D2Rv0lqsGEd0u/VrDKdwEAIa1C5Jbz86hTUGugbDbTl/XJt/7t3nXcMQzJiNYrRTTZ/8dkNcxy6tqE9RBWaQaphN0DKH6cF1p96q+oA+2nqOBLqULnRaDzkuiBICqNu9hCrl+b71umMvqWVRWrLU/5dGx8fIoCqbYQ==', N'henry24', N'www.donpepperone.com', N'', 3, CAST(N'2021-06-16T13:38:52.8477219' AS DateTime2), 25)
GO
INSERT [dbo].[UserPasswordPairs] ([Id], [EncryptedPassword], [Username], [Site], [Notes], [PasswordStrength], [LastModifiedDate], [Category_Id]) VALUES (125, N'bxFJCaZXXZi7PeZI12nGPg+kP695RJ8oGMBcG5FJuJHMNE4HZgW89pPZ4FyKKLCPe2rQjF1zlc5f3YlAI9Z74Yc7omrV981DiO8NJ4DXBkkyKb3KlJawNXc3Kivklv54WuCrdaKaQt39s8Os05aT2x7SdoYvcIfego5bbgb8SU8IhEduBlYRFLjZh/JrrAAsYLoL4c8xqKpSAGpa+WJrQjDTIFejLdVaRDuS2ZXE4dekMuBRXcELEXK6M0XuaPoDUckixdJ1U+bDB9SnjGiJOF0nSXtbAbkFuJZHKqVpyL/j8JLaKjP4grIhzVpaFmHS1cXK4wKiCa2tsmsSlKRwdA==', N'henry25', N'www.lapanerarosa.com', N'Contraseña segura!', 4, CAST(N'2021-06-16T13:39:41.5527758' AS DateTime2), 25)
GO
SET IDENTITY_INSERT [dbo].[UserPasswordPairs] OFF
GO
INSERT [dbo].[Users] ([Username], [EncryptedMasterPassword], [PublicKey], [PrivateKey]) VALUES (N'andrea', N'h3/0206wCvFZse6XJgnBzL9gyFWI9uWiI5F/PaLlN3sE4rcL0oCmeuJBjaCmsbfjYCnJdOnc2XHHODtx9lkBM8CQILliSf3i6y0YWzm9DVfP2Lmqp+I/7Oycc2IpTFcMqgRrJVhlCzIkz2K/9NINNZuuboXrmjr+5fteZJA/2DVUaEmQXiedqSfV5iDDYq4x+ZRp1BUaH4f2xd5I/YkdnFXgBRIqikpwUDu8b/870BCaBxCgTtf1LXHC0gS286f9fJwE2nA3w5BJFq0gF1zVw1aHgf+Rocl06YXag/cZIvolj0BfN3saIJ3NacF2YxgoJViC1hKT6jQfqS8l3XzGjg==', N'<?xml version="1.0" encoding="utf-16"?>
<RSAParameters xmlns:xsi="http://www.w3.org/2001/XMLSchema-instance" xmlns:xsd="http://www.w3.org/2001/XMLSchema">
  <Exponent>AQAB</Exponent>
  <Modulus>12PDbXNyYhAJKAtFSCTaU5UwpFMVpXsB/VqJmDXUgKMrZtYPA84XrYE6EPphT6KGrAz3+Czd/IlpriWL1AbTTjR6wuYaDyWQeGlklvU+rcQrh9VecsC2bnAGCEfTUmZgxFQwchxczRnrr5Ugdl/JrfTnS01amrjN8PeZI5lDy7kF2e4YV5+bJ4Mhc5c78OzonzszXMqmu02huAh9ftMEu4ZjgT4ReH1hn9wtkFfjCfU3nnWbwgNimyafcDq4W48YyeLI1YAU3nhh2/ata7D+DG1oYumd/a+0OPMpjLnWqfVqH9lIZW6uI2EvjJxifQ73vYpxb2JHmn86rC/RVUh0hQ==</Modulus>
</RSAParameters>', N'<?xml version="1.0" encoding="utf-16"?>
<RSAParameters xmlns:xsi="http://www.w3.org/2001/XMLSchema-instance" xmlns:xsd="http://www.w3.org/2001/XMLSchema">
  <Exponent>AQAB</Exponent>
  <Modulus>12PDbXNyYhAJKAtFSCTaU5UwpFMVpXsB/VqJmDXUgKMrZtYPA84XrYE6EPphT6KGrAz3+Czd/IlpriWL1AbTTjR6wuYaDyWQeGlklvU+rcQrh9VecsC2bnAGCEfTUmZgxFQwchxczRnrr5Ugdl/JrfTnS01amrjN8PeZI5lDy7kF2e4YV5+bJ4Mhc5c78OzonzszXMqmu02huAh9ftMEu4ZjgT4ReH1hn9wtkFfjCfU3nnWbwgNimyafcDq4W48YyeLI1YAU3nhh2/ata7D+DG1oYumd/a+0OPMpjLnWqfVqH9lIZW6uI2EvjJxifQ73vYpxb2JHmn86rC/RVUh0hQ==</Modulus>
  <P>369FeTN7RMlr1Irmm/sPZLEEui3/A9Lkp9TuipHQjYYtmkdtKvtIB5i8UpnwrxUGcXvfVXOpqOqJv6keH17Oo8VTIfVTG30Wsdb5KYAAVaSP3UipLV1j+1SN9q/RJ/sjvXmFRYHnU1BiG+LckcSAfmjy3hanjrXI0hYD+HuejWc=</P>
  <Q>9oG2XkTYBi9V+9Q1VXbrHZaTN9dpp4iNkEn6HVWj9gMvfYnKAK+EzuNOTHokT1afOTQ6M+UZuS9q9v0Gh4h7uvNuheWrcmuYz+vZDHx6Ksu8hmrdaLS2NUi68Uph7IAh5lXtmVGIhDaNfCCWP8QwrMyzZyUctDFhVVezaudEzzM=</Q>
  <DP>Fam41bsZphjHu6bUHKkc3YiTR6CqwOkMwgBKNdtXUk17XySpuu7pE+tD2dAU0i/8FsODZpg0Byrnuksborgg1RWILpK+wLvFleWW7eD6p1CvqiOeVsljpHSU5x4x6GhXFsONF6U0DQqM5dx7thZMx3FMjBuvkI+kakw9iDQYr+M=</DP>
  <DQ>22BMwFBcQATYbKlKXajbTRW4JrYaXPJ1qbdsU7bnmAT1uq9pinqposU/5We98K2SPgJw2cZFwjyk4PIFYZDhLFuAPMFMdyOydzfZjfcpcfSm7qkkKg7JKVp0pFAiHataf/Zw4UViTOePuqv1iwI6n039SwoIJYTcrmrCTZ1L62k=</DQ>
  <InverseQ>srHHGGsdsuX44/dE1wjOJ3bMzNRcrcMRmuPsfUjMKfvXIqC8gwIwsEQFMHy9bxR/KzkaBLAWZHxaXjVt8EqKi7SYkmjHtO4XKPwi5dVHms9NnKpY9yh6YYbIgf34MHOKvBsgnQ0pLoy/e7V8BjUheq5vjjN6GpBSdfHmKLMhtyg=</InverseQ>
  <D>dpg6waggYfg8Ym0aP6fzArSRrNkGgTAin1JbkpCJKi8ttZjFea3fgaw2waRrMkLl7hPR8TcbH3K12qpXvG3pqRTiRzAVRyPC0VoOhcQRN/JcmZUVRQ/xIwvRdnu90pAGVfOZHSuauV+9UtdEoYkKbhr7w42bBrgcxMI/8sbv+loqBtckew7001mkACgGk7F6QmTklG2h0FzqXuKVY5wofOsZ/pk9rSy44AcBclAOu1BH4/KUPJl97aUCbUsLXz58SPQ5yVTKb8ikA5P9oyGYtf/EKaHYeZHAflSXeEt03enwwtIw7K8pkchFzMMzSinfdS9gWyd1pRyB1RLQTvf03Q==</D>
</RSAParameters>')
GO
INSERT [dbo].[Users] ([Username], [EncryptedMasterPassword], [PublicKey], [PrivateKey]) VALUES (N'cecilia', N'Xk18GrdbgDh3kasKN/ITvZO9T3tmou7H7A48sgku1aMexclkTtUvGmnfmKOlOtDHA4f9rshPszdww6U77FRSmrNiGEksC5agY2Atlig2kY1cSWWGlEA2BkKPgxVS6nVsKd3UnMh2R/Pi5hHQ2MIfBA4gmYnOdsbglZwsdK9o4kcDqkg7UNhZgHfidWxBYTFgWRx3RQP+e492OYiwCCfpxJfHDdU9oWDQ4PIT/VdKDNPj60fhWj30IiDv+JFFJuM9ORjLJ9NIukEeb5lVmvhDBFSsdlpRoTgi8MMvHpbn2Okb0qFdj9UUd35buan7YvW0kTIWpf3r9MTratQLPM7v5A==', N'<?xml version="1.0" encoding="utf-16"?>
<RSAParameters xmlns:xsi="http://www.w3.org/2001/XMLSchema-instance" xmlns:xsd="http://www.w3.org/2001/XMLSchema">
  <Exponent>AQAB</Exponent>
  <Modulus>uBo3t0GbPV+k8zyfMQGyCWyBsMi2aCLHShVirWDG3vh19iwdkAwSphyNS9zsR3RAfLwlEpbX1aNaIoPPhrBeJ/Wg06ocECeBPIkW3DAOeX/7pabKgThr5q7kvVXIjXldLvs83NgQf+yYtwfdxh1UlxNoGOGwcRk0rp/GePA1sBnAP5NxsyKjmGmf6ZARWqsZXRH0drWPfuDC6PSPFrVvYy10T2xl/mF7yphHeiyB/8W4KR+OfX+gkd1KAmrDgic7+7qqWfGllcorerrb/HGkmYASaVpZyXVUnK+tAweRH3EIwxGHKEln06izRrquQ0mhMdGgiUCjw/24KgpppgLSOQ==</Modulus>
</RSAParameters>', N'<?xml version="1.0" encoding="utf-16"?>
<RSAParameters xmlns:xsi="http://www.w3.org/2001/XMLSchema-instance" xmlns:xsd="http://www.w3.org/2001/XMLSchema">
  <Exponent>AQAB</Exponent>
  <Modulus>uBo3t0GbPV+k8zyfMQGyCWyBsMi2aCLHShVirWDG3vh19iwdkAwSphyNS9zsR3RAfLwlEpbX1aNaIoPPhrBeJ/Wg06ocECeBPIkW3DAOeX/7pabKgThr5q7kvVXIjXldLvs83NgQf+yYtwfdxh1UlxNoGOGwcRk0rp/GePA1sBnAP5NxsyKjmGmf6ZARWqsZXRH0drWPfuDC6PSPFrVvYy10T2xl/mF7yphHeiyB/8W4KR+OfX+gkd1KAmrDgic7+7qqWfGllcorerrb/HGkmYASaVpZyXVUnK+tAweRH3EIwxGHKEln06izRrquQ0mhMdGgiUCjw/24KgpppgLSOQ==</Modulus>
  <P>zQtHLvv8pa2huFmzNGSxiUcl81sB8DOVuX8VFyKyEJ4L9em/+/i8nogUTXLs8hSkdFUz583GzqeYHLchVm2Cs5HATDIR3n9uk5lWxVXqEvgUF/ISuIkkRWOwArx/VcwMXjm50HwMiNwGfYwVNdv4pxexscARKkTX98s15WS2jd8=</P>
  <Q>5dqmmLB0U0BnEv2qdise1OcqBnCU01DHwLSfmcxQodVs+B/cAKfR1S7vOL/eLJl/tm7ZJNjPYp3qY9YgTkuUezaUA9eZLd+Pa0CdMpEkBCCg9yDvzxUwImmD2baOaCu+fURAkrrHBRz2DQzjd5rjMGgtPQ3s7jWYq0DUGBpU8uc=</Q>
  <DP>AisNXKTTfhkA7ccdCv/JlM8IyrL6qUSSX7zFR1JZma1iKP6IxixSKkb8F/mQIdswBf7kpp3ZbVP+Wsdg9d4AlM+EvgmFgNnOHIdxkHKhIAQ5iitIIWVp2cX9FXpSymB2/QQVP+wf4c6ZzvgNPV2PGo04ls2WIOFLe1ZNwpg3Cfc=</DP>
  <DQ>yMzUP43fgZ9ArLmIQkV3YN01vHx7t4PZjcL9rtlsE4Uk9jq28qepS0j+WaBckq/if1ilQGhb/DYivucgP+YNJ/rNIfImconcfADtk3Bye1yZ4msWtN04uMdfFUJDdEPK3RpUIxsipJfhaBM7YJCiKvbHlo/kzVFrNyiiYRAX6D8=</DQ>
  <InverseQ>E4j+Ng8O3gkmINQpKlYobKrxB3ZcDzYWexKLV7FifsXL4eL+hZKcbcRYvTAaZO+4//m28hmZyYri1KamUn67xzetIkb8qT3ds6RyMnpIjBRViMi7oQct9A2EHfc/cuImfeZUrR8PMM4d8M9iYEkmR9C2HLJIvsnHMXr2ODNc+wc=</InverseQ>
  <D>bdFNzOW4qXqFFYbi2sPNJKvyDLcdf67HPBzXmN5yooyJKQgVtlhNQ4Mikc89rj3dPcqpPpZ2NvzTBmWkBA7ui12MytXdGZHHGIoZ9cxAxh8eyChfAYfbbWaEEaC7GhD8EctR+dZ0uSozynJJyySx0dCEttrhegV0FHpAVOHM1Lb0N7aHXqjaSfmqs26XPIgPQgv579tWB6AKXfu0E/AdncsMkVaJk6sPVUbVqDOioA4DHvhUNRNYDa7WHyohMASAK1nxo5MJT9OpB1q8sTmKLfprijSmrI1eVUHhHhEC8NLCjEUKbr1C75rkRQnFmiwfNSO0+yPtnDkpEJVl7jR3BQ==</D>
</RSAParameters>')
GO
INSERT [dbo].[Users] ([Username], [EncryptedMasterPassword], [PublicKey], [PrivateKey]) VALUES (N'henry', N'LB3Y06ngrSahpDjdCCdZFPp4V6k38dj55Fa58RuN8K88fuFREp/dFj7rmvRtE6nG5YTR3Vln2J2OXIVMuie5nbVedoJeubHiqrA9GmmfiPQ2t8w9MFY97czqA6EvyNV2pAYtjvak3+FRP36/1KoPuLHIwLLvnGi3W+Vn9P1IO2we+ahAFZtUqni8gfwICngo6m5FzHZYWmEkpP4kENprgQD/C5XzJ3XXkulchrpy5s/OXCeW2f7ghS98rB2n4seaWbXoRksa0uLI4Z1fI5mLhXZlOLRm7B2wmxQlB8m1639pI0F+T0jiJlMnavmt1IayvozrG5aVwZN045YRlaxy8g==', N'<?xml version="1.0" encoding="utf-16"?>
<RSAParameters xmlns:xsi="http://www.w3.org/2001/XMLSchema-instance" xmlns:xsd="http://www.w3.org/2001/XMLSchema">
  <Exponent>AQAB</Exponent>
  <Modulus>wjy82TfmwEobTFTtl+67jWzsiOZrCalCXp7Lm3Pbjkn3Sf7wNzIWNxD1WzvfzIhlMFLnQihR44PYAJgxM94V8Je2i8BRrGckBgPs1E7dGoAabTc32Q5c9yaKlNokFwDHN+DeZU3lk3/OjKYYKBLcB8XzQvoQQ0cV5pwqSOo2rbJ/lhg6G8LXmlNgK6QlqQeLPN6XbDPLoIICdeY9YQ8GTDwIjXUo4yNSDGF2HyMv/bBIRMNfi/rrjaTM94ScR/np09CuQQ68mN3SB7U9Fqg5r0DBZlYx6FZ363Hq/PsGfN4IszhY5NkpOajoOoTRRG247aelpJAZVI4F1J+Uek1PUQ==</Modulus>
</RSAParameters>', N'<?xml version="1.0" encoding="utf-16"?>
<RSAParameters xmlns:xsi="http://www.w3.org/2001/XMLSchema-instance" xmlns:xsd="http://www.w3.org/2001/XMLSchema">
  <Exponent>AQAB</Exponent>
  <Modulus>wjy82TfmwEobTFTtl+67jWzsiOZrCalCXp7Lm3Pbjkn3Sf7wNzIWNxD1WzvfzIhlMFLnQihR44PYAJgxM94V8Je2i8BRrGckBgPs1E7dGoAabTc32Q5c9yaKlNokFwDHN+DeZU3lk3/OjKYYKBLcB8XzQvoQQ0cV5pwqSOo2rbJ/lhg6G8LXmlNgK6QlqQeLPN6XbDPLoIICdeY9YQ8GTDwIjXUo4yNSDGF2HyMv/bBIRMNfi/rrjaTM94ScR/np09CuQQ68mN3SB7U9Fqg5r0DBZlYx6FZ363Hq/PsGfN4IszhY5NkpOajoOoTRRG247aelpJAZVI4F1J+Uek1PUQ==</Modulus>
  <P>02pDUOdBN5VYH6SR2R+H4QJyBwS8WXSyn7V7ga3TgXWXZ2OOhHb+e8L1QRx0nmCjS8iAkcL6Nbpkfcz6I4j6UotX6fTLEMUxzeqv5KNKjucctSon38992d6TXt1Xv+Tj6CsQ6jptLGCPokjkUZ8kOfiCMoSYHXOqRM6OeiXLMsM=</P>
  <Q>6zMW3hZ6ukDZQGo+yw1T4ZbrsL1U0Kw95rxksF4Q2YRDXA5vwE+W9bnPPmFNTvpHG9FJ7K2GohfWw/3pZ794vzh8/O/oRWcd3SZrkhTzYosLGdblm8Ii4mC9walf9u8ygKNRneedKwEee5TLYEhrqE1UDhkH6MCny40MaX04bFs=</Q>
  <DP>dmI4k6MLF+7ey8lBik1nrw3JgDicp5L7OwdKw5DssL+CKnjLI03mrrK61tzySIVgq1z48aY2qcNX5kHTh/Z6BaLVdcKHuzpQ6zeRivwNEfxETQXwEhmEJW3HJAXZzzCClk0XSbGx1Hm1tHAQucvdY0DO1y78ZvGP1Lu9eJSVNjU=</DP>
  <DQ>SY11lkhzYvHKvxE6x+dIFyFKXcAn2QY0aYb6+gjAvjVVl2FQY1TAgeH0xK5LLeqo+DMQKjruApzv5eTu7Cn9ydcRh0xDWAjyVumf9FQm9OdEtnT04yvoGuFkFj8wqpmNMptgd8Ap73vvG3ihzV94g26DXdFIHuq4zrgybH7jeUc=</DQ>
  <InverseQ>H/+RllzSErMOW4wyJ4UrVTC/UC6zX4NFLnNgvXTdvA8TBcQ6LG5oCXVUVOwYM1YfnuoVqyQAxoLFXoaMYApnPwGq6Q2S9WmbOPGbeOURNr3963WxUxQjnTvvOFRYxFbYvHE6MFRmxR+AUETu5tybO5TLzTcxCHpEZn0Zal/KgYI=</InverseQ>
  <D>fl9kAvOS5wKQFi6fUp1ZWx9GGZ/IfkWoT8WC9QYBD+dhw7vhcBffSj53U7910S3gn/sgSPPQq3TpQSHDyVox7hHXC7+5o7CLSHqfSFZzFj3Ic8xcQpVMuORTf5sZpfm0o89jAogW2MtriCi8SL5Ud547shTeJdeHET4DaOMxZfo84tlKhGO6c8wnRJn7gd0+sdo0Kw5TApuWE0wXbXbQdk2g18iXi1hnhSh7ce3EnACgNrysQONBGUsG6Kd2VrnVszh9scIptnEaOpE79cuyakXj1y/iqjGdA9VlxGHw3v/aMNlH9Kb48ktSA+oJeLNAaHkdANGLsAoyoGUD5V4lDQ==</D>
</RSAParameters>')
GO
INSERT [dbo].[Users] ([Username], [EncryptedMasterPassword], [PublicKey], [PrivateKey]) VALUES (N'ismael', N'zT/YY9odM9fHdxTM6K/eYGt+E8aBpDiAJpUQmGRYgNtC2x67JV8+TMhB0Z8mefkOPCuzWyCR5E/SHrPpiu2EZ6TvV59JjVgaAaq2CgMxVBoQZjEa0zRf40ynCygfJjg29CfvS1Kp7058Q0cv+BgDmfgTXrfwaUKWJYFuSc+8yyGT7K66gRi6PYVRNX/FwhulNSVjmKOOo9u71CvmCbxcZ/unyOVaGpjWm6gJZdkClOXQknaLLziMR0mwB4vSv0l0kMQj15hDowHBfDD+OTPsDoTZxOO0DRcxrUTKVuPFhXpbYd4TbckAEmHmUTamCU8T5l8PHAd42Xt1WtjEngBRcg==', N'<?xml version="1.0" encoding="utf-16"?>
<RSAParameters xmlns:xsi="http://www.w3.org/2001/XMLSchema-instance" xmlns:xsd="http://www.w3.org/2001/XMLSchema">
  <Exponent>AQAB</Exponent>
  <Modulus>7Gvs07KuT7L4odRN6DctcxlGQ7HWZ6b3MW2XDYLrgOfTfMgeQaCaIh7FauAHpbgtEJeum8uvaZ3j8QFz3+kpMD3kOqCiq1tjGmb+weJKsGSuUNnEp7DejM9ofz4T0XkysEzibDL+KG1Py+BTUePYDOs+neCfoFmYW2BJDps8qux5ZqUSs+fjPaiB84woV1LzIP5LAPo2D0GPF29VV5PPvWXoW8l7qM3V9ObGeOV/UleM8+cgZJWV/I6yxsmCfEPPT4DWL3MQRPnJ4Bz5Q9DXhP7auxg6ThBx7nHkyUcEJYSyYNRu4u4P2CkTz0WQocGBXQJKvaNrf0Di4BbakK0HsQ==</Modulus>
</RSAParameters>', N'<?xml version="1.0" encoding="utf-16"?>
<RSAParameters xmlns:xsi="http://www.w3.org/2001/XMLSchema-instance" xmlns:xsd="http://www.w3.org/2001/XMLSchema">
  <Exponent>AQAB</Exponent>
  <Modulus>7Gvs07KuT7L4odRN6DctcxlGQ7HWZ6b3MW2XDYLrgOfTfMgeQaCaIh7FauAHpbgtEJeum8uvaZ3j8QFz3+kpMD3kOqCiq1tjGmb+weJKsGSuUNnEp7DejM9ofz4T0XkysEzibDL+KG1Py+BTUePYDOs+neCfoFmYW2BJDps8qux5ZqUSs+fjPaiB84woV1LzIP5LAPo2D0GPF29VV5PPvWXoW8l7qM3V9ObGeOV/UleM8+cgZJWV/I6yxsmCfEPPT4DWL3MQRPnJ4Bz5Q9DXhP7auxg6ThBx7nHkyUcEJYSyYNRu4u4P2CkTz0WQocGBXQJKvaNrf0Di4BbakK0HsQ==</Modulus>
  <P>7yTEVquI8Fe+36+WMXZvhO56uP+UywCAyWZk8zKHHI2GW69Uo6qpipuFrJUjYqpaK+8T3dfqlp9KC8i+mADgXCZw1f6DKzdJV+DDNJOnLjCU4f/ZD79GGwTHpbhadMSiz66gwk/dmEeBmW+f6GdVZsOgANE7V0WtzUkO25ySVLs=</P>
  <Q>/RYKTu6K/8kyAEZ6V86nD8KGNzvrP3PDqUFOC78GY+etpQ2Si5yQwVdU/aPj/ML8NVmYzYe/uTfj5UWIDR7grEBHpVGV/eVLZSx2oFeyOhC3ny6pM3qMUutGMaverjxXnbYAEv1eSNkJGIrJQBDM/FgnTwCyhdFTvSmXnEo+RIM=</Q>
  <DP>MifC6e6GBOpSRPW9iVguoXGm2X/5A+5yFEteZsc1IR7pi/ckyEK11jUx/vU0e7AAw3Ab+Y4cTETSMdCDcLvWUl1ZkvgTKJAq2LxyFGfXS0+zGgcfzjaujGIfQTl99zl6cBZO7xHzBsoQe062+fYaKjhjKWi4imA5yHFHJXYcFps=</DP>
  <DQ>2rpxrkX7W5VG4XYHxluThstXs+TVK8GhGGaYTQ6LN0zDhiJ0xLRLZs1TZuJ957Wcw37r0LXBvRHQpBWzv6MwCa6EPRyFxSimQIps+6bPId/Q0oJBOXxwSjmMMOGZUnxUPLlO1xqiodLxSYSo6fWbM3v8fQrdP0nqVVHc9fY0WoE=</DQ>
  <InverseQ>x9tY+S4Q+XOSCNTUzwZsHpxK+ZtUZlBNQ5vmFJlRBWYsjn3tuCPxMO7KX0Gc94TuyPftcuXYOv4dOWNIhITkTPN8IBpY+36o1pFu7rmVwTEN0uzCMgHEABiH6bLQ+frdCKapBy0jLcn1N9KfpxIfqPdfILBkWfEvUmKZwt8Mvlc=</InverseQ>
  <D>4mdYHEL4eopBX3gYQ1DTzW1exGUBlbFm94ajKOU+8esPtGdP0jkiYZpmI7r2l9SQE1uucrPT/6icKKfjd4GpV/FtJle+b6rMdPQ88x7pt5Iy/GoO0Send+EHiRLBl9AgooR+MG+ExOIpkGv6Xml69KQzCq2ZL82dAaRrUfmHV4XWOyzUve8i2VVhY4WHB8eYCFbvHj2olHvfR4Fsm7dfJRvlW1oLG0ZW2y8NvnvQv1UnpIoOle9Y9WJ7IV7w7S6vnSyBGXLW0vAyH6I1pCJ8ArBA4UibnF7nJC5cRXHNMVjYR0yCv8AqzNx3g4iul20xY/Y/ZIoxHdPLssH1OgVGIQ==</D>
</RSAParameters>')
GO
INSERT [dbo].[Users] ([Username], [EncryptedMasterPassword], [PublicKey], [PrivateKey]) VALUES (N'pedro', N'I2k55sLm0EntG+5WBvnsSnsOgg2BBUr8CvMmgy2asHsDQjcYDFDBh4UNbVuSyLr4v4gnZJtSbpkQ2Md1tOMBpwkveIy02u3Qvp9dVwoh4tO93pYw0PdCwdYYwrfD3EqZVnrUhTKJZC2Bd8jU9PaV2TZ/msKQW0kQA3jvTq1r/rSIJfy2H5V+XmBBVjirEIGQKSFsli8FyFqOTMrTNc/00lHCtx7CCs9zqOGAermsmmjyp6627ciCzSioLqQTXLQY8rEQhLzxBLXPzdWNLdYnmJ6H7PDB/YIUtCjUyuQnujdnAsddFGD2NEAA9FOQT4tHmH+vpLmhqVIdK/6vpSoaPA==', N'<?xml version="1.0" encoding="utf-16"?>
<RSAParameters xmlns:xsi="http://www.w3.org/2001/XMLSchema-instance" xmlns:xsd="http://www.w3.org/2001/XMLSchema">
  <Exponent>AQAB</Exponent>
  <Modulus>zVooeCeI8r0+4yrQI5VprlJrhl+qyL7K0QYwZPwt8UCj82HptVXYAxxAIuzCVP03oUTVF4iBsCnbIpeixq/BqJV6qcv5ocn7zjGVS5DwkwePF3eMx3F4CUBYq4SESNOAAKmlCgVa2ooiZ98gzF+jAOzzUaP/hIEs2Tg5s7tmUd8Bs0kluaWgbx+BoNjD7yh5zH/HA6zxOl3M1KEk6VAgN9+FaCaT0z2ELnt1sR2AkO8raklnF8WdGztGS5Rm/IwTFdqDsEEQ+BWvl5eOdmhnJdeh7JRsjcjhubXlzLES6jToM6fUXFIKU+OvoZimWl+qoRGAi82n0bLXEpgphADRxQ==</Modulus>
</RSAParameters>', N'<?xml version="1.0" encoding="utf-16"?>
<RSAParameters xmlns:xsi="http://www.w3.org/2001/XMLSchema-instance" xmlns:xsd="http://www.w3.org/2001/XMLSchema">
  <Exponent>AQAB</Exponent>
  <Modulus>zVooeCeI8r0+4yrQI5VprlJrhl+qyL7K0QYwZPwt8UCj82HptVXYAxxAIuzCVP03oUTVF4iBsCnbIpeixq/BqJV6qcv5ocn7zjGVS5DwkwePF3eMx3F4CUBYq4SESNOAAKmlCgVa2ooiZ98gzF+jAOzzUaP/hIEs2Tg5s7tmUd8Bs0kluaWgbx+BoNjD7yh5zH/HA6zxOl3M1KEk6VAgN9+FaCaT0z2ELnt1sR2AkO8raklnF8WdGztGS5Rm/IwTFdqDsEEQ+BWvl5eOdmhnJdeh7JRsjcjhubXlzLES6jToM6fUXFIKU+OvoZimWl+qoRGAi82n0bLXEpgphADRxQ==</Modulus>
  <P>7LNAadyEBlrS5xflyn+sn9ayEfI8ZfLQdHnXsqEjxJCLhCXuH3iU3pjgXg7G+FnTyETQu917EE5rZeDF6ovW5M/OmfKwgSgca023l/lbClR0P//pi0yOjihldG0eB4xHrSbCxyybuXqz1sYDTpY3JnSACchtw8LFgANF+o7vAHM=</P>
  <Q>3hiQt03iVxTyGoUhpWX2mevi5fQA9ljkgVZAL/RrdUIP6km7gFtyoNUzHb/iBmRMymcpsFLAFiFzm3QSjqPMZOHglbj4YafZODW9af0RTPnpJ/+GhyNXRRHBlE0i23KmRxWdcVnqCk0nY8nIwwXZvrc77G7/4dK31cm+FTvCbuc=</Q>
  <DP>o1UB4srG07fChrKn33cAgH9e+yFDajoGfAlDvUCSdOYlT7f4vACyAXROhrj9tYwOpshNnQU1EUh7tZ5IFBQQ4m0/LF4aS9WI3saPJLBtkRA785m852GZkSDw+Uj+isjTAPmZOGVgw7mW9WJID+d6APAtFhMXIxl4vWAE3uPYql8=</DP>
  <DQ>S0UiDq27ru2vW6OREqAq4mGahXqbtOHNl7PmjxoULSpVgH66qDbV84IuD8APV0E48UPjUhnJdfaiWqYNAACtbedLmRKWQ2qCaNV1u20EJwVvqpmkOzqUAhmRdLRrwtnpVqARuu/RLOqXFe+2NbpO4J7zFR9NY3hpy2/TFxkovTM=</DQ>
  <InverseQ>nrjRaIi/j+OP1cdWHpviMJsC04JRN284J1Wq43UaD5/GyH13houpvgcSxXeoe6JmZ7bNzHFTbOhhmxIwJ8dgxMRn1FW9F3ip+m/34ZpGWMGeMz1OEGxipyLyiwf321c8J0DNKteoSYki2ZGXWVZ1AVNa1e6wDmBy9DxuTWmZUP4=</InverseQ>
  <D>daVTThMISFjXMHoUqG4vD2m0pFUmmL+Fnl63VwOKpo5r30GXDQZTLOUAcYHGi75OIpw2oLbZ5bz1CEprPPzwK88HaUOsjl4TXrvVVmeBDBrmhYE+K/z70gEFS64twzM4QCjwnl8W/+DneS7BsZSQ5DTb6UfVWWpP8Vpe5HNWWUws6ks+AXsyvOxyLr28MYAfgg79/VUxs9ES7kxcrXL0C8wIhO/BMdMWwcxPwscQoV8u7sh8wi33cpD4CYr838n1pueTyNYOi3pgsSBh8ejMgpxJl2yeHEU6xyVnzepr6ZTKrD5gLwpK2Gr39uyHwseKJICPMWuXnDrjBqOkYR/zuQ==</D>
</RSAParameters>')
GO
SET ANSI_PADDING ON
GO
/****** Object:  Index [IX_User_Username]    Script Date: 17/06/2021 0:12:45 ******/
CREATE NONCLUSTERED INDEX [IX_User_Username] ON [dbo].[Categories]
(
	[User_Username] ASC
)WITH (PAD_INDEX = OFF, STATISTICS_NORECOMPUTE = OFF, SORT_IN_TEMPDB = OFF, DROP_EXISTING = OFF, ONLINE = OFF, ALLOW_ROW_LOCKS = ON, ALLOW_PAGE_LOCKS = ON, OPTIMIZE_FOR_SEQUENTIAL_KEY = OFF) ON [PRIMARY]
GO
/****** Object:  Index [IX_CreditCard_Id]    Script Date: 17/06/2021 0:12:45 ******/
CREATE NONCLUSTERED INDEX [IX_CreditCard_Id] ON [dbo].[CreditCardDataBreaches]
(
	[CreditCard_Id] ASC
)WITH (PAD_INDEX = OFF, STATISTICS_NORECOMPUTE = OFF, SORT_IN_TEMPDB = OFF, DROP_EXISTING = OFF, ONLINE = OFF, ALLOW_ROW_LOCKS = ON, ALLOW_PAGE_LOCKS = ON, OPTIMIZE_FOR_SEQUENTIAL_KEY = OFF) ON [PRIMARY]
GO
/****** Object:  Index [IX_DataBreach_Id]    Script Date: 17/06/2021 0:12:45 ******/
CREATE NONCLUSTERED INDEX [IX_DataBreach_Id] ON [dbo].[CreditCardDataBreaches]
(
	[DataBreach_Id] ASC
)WITH (PAD_INDEX = OFF, STATISTICS_NORECOMPUTE = OFF, SORT_IN_TEMPDB = OFF, DROP_EXISTING = OFF, ONLINE = OFF, ALLOW_ROW_LOCKS = ON, ALLOW_PAGE_LOCKS = ON, OPTIMIZE_FOR_SEQUENTIAL_KEY = OFF) ON [PRIMARY]
GO
/****** Object:  Index [IX_Category_Id]    Script Date: 17/06/2021 0:12:45 ******/
CREATE NONCLUSTERED INDEX [IX_Category_Id] ON [dbo].[CreditCards]
(
	[Category_Id] ASC
)WITH (PAD_INDEX = OFF, STATISTICS_NORECOMPUTE = OFF, SORT_IN_TEMPDB = OFF, DROP_EXISTING = OFF, ONLINE = OFF, ALLOW_ROW_LOCKS = ON, ALLOW_PAGE_LOCKS = ON, OPTIMIZE_FOR_SEQUENTIAL_KEY = OFF) ON [PRIMARY]
GO
SET ANSI_PADDING ON
GO
/****** Object:  Index [IX_User_Username]    Script Date: 17/06/2021 0:12:45 ******/
CREATE NONCLUSTERED INDEX [IX_User_Username] ON [dbo].[DataBreaches]
(
	[User_Username] ASC
)WITH (PAD_INDEX = OFF, STATISTICS_NORECOMPUTE = OFF, SORT_IN_TEMPDB = OFF, DROP_EXISTING = OFF, ONLINE = OFF, ALLOW_ROW_LOCKS = ON, ALLOW_PAGE_LOCKS = ON, OPTIMIZE_FOR_SEQUENTIAL_KEY = OFF) ON [PRIMARY]
GO
/****** Object:  Index [IX_DataBreach_Id]    Script Date: 17/06/2021 0:12:45 ******/
CREATE NONCLUSTERED INDEX [IX_DataBreach_Id] ON [dbo].[LeakedCreditCards]
(
	[DataBreach_Id] ASC
)WITH (PAD_INDEX = OFF, STATISTICS_NORECOMPUTE = OFF, SORT_IN_TEMPDB = OFF, DROP_EXISTING = OFF, ONLINE = OFF, ALLOW_ROW_LOCKS = ON, ALLOW_PAGE_LOCKS = ON, OPTIMIZE_FOR_SEQUENTIAL_KEY = OFF) ON [PRIMARY]
GO
/****** Object:  Index [IX_DataBreach_Id]    Script Date: 17/06/2021 0:12:45 ******/
CREATE NONCLUSTERED INDEX [IX_DataBreach_Id] ON [dbo].[LeakedPasswords]
(
	[DataBreach_Id] ASC
)WITH (PAD_INDEX = OFF, STATISTICS_NORECOMPUTE = OFF, SORT_IN_TEMPDB = OFF, DROP_EXISTING = OFF, ONLINE = OFF, ALLOW_ROW_LOCKS = ON, ALLOW_PAGE_LOCKS = ON, OPTIMIZE_FOR_SEQUENTIAL_KEY = OFF) ON [PRIMARY]
GO
SET ANSI_PADDING ON
GO
/****** Object:  Index [IX_User_Username]    Script Date: 17/06/2021 0:12:45 ******/
CREATE NONCLUSTERED INDEX [IX_User_Username] ON [dbo].[SharedPasswords]
(
	[User_Username] ASC
)WITH (PAD_INDEX = OFF, STATISTICS_NORECOMPUTE = OFF, SORT_IN_TEMPDB = OFF, DROP_EXISTING = OFF, ONLINE = OFF, ALLOW_ROW_LOCKS = ON, ALLOW_PAGE_LOCKS = ON, OPTIMIZE_FOR_SEQUENTIAL_KEY = OFF) ON [PRIMARY]
GO
/****** Object:  Index [IX_UserPasswordPair_Id]    Script Date: 17/06/2021 0:12:45 ******/
CREATE NONCLUSTERED INDEX [IX_UserPasswordPair_Id] ON [dbo].[SharedPasswords]
(
	[UserPasswordPair_Id] ASC
)WITH (PAD_INDEX = OFF, STATISTICS_NORECOMPUTE = OFF, SORT_IN_TEMPDB = OFF, DROP_EXISTING = OFF, ONLINE = OFF, ALLOW_ROW_LOCKS = ON, ALLOW_PAGE_LOCKS = ON, OPTIMIZE_FOR_SEQUENTIAL_KEY = OFF) ON [PRIMARY]
GO
/****** Object:  Index [IX_DataBreach_Id]    Script Date: 17/06/2021 0:12:45 ******/
CREATE NONCLUSTERED INDEX [IX_DataBreach_Id] ON [dbo].[UserPasswordPairDataBreaches]
(
	[DataBreach_Id] ASC
)WITH (PAD_INDEX = OFF, STATISTICS_NORECOMPUTE = OFF, SORT_IN_TEMPDB = OFF, DROP_EXISTING = OFF, ONLINE = OFF, ALLOW_ROW_LOCKS = ON, ALLOW_PAGE_LOCKS = ON, OPTIMIZE_FOR_SEQUENTIAL_KEY = OFF) ON [PRIMARY]
GO
/****** Object:  Index [IX_UserPasswordPair_Id]    Script Date: 17/06/2021 0:12:45 ******/
CREATE NONCLUSTERED INDEX [IX_UserPasswordPair_Id] ON [dbo].[UserPasswordPairDataBreaches]
(
	[UserPasswordPair_Id] ASC
)WITH (PAD_INDEX = OFF, STATISTICS_NORECOMPUTE = OFF, SORT_IN_TEMPDB = OFF, DROP_EXISTING = OFF, ONLINE = OFF, ALLOW_ROW_LOCKS = ON, ALLOW_PAGE_LOCKS = ON, OPTIMIZE_FOR_SEQUENTIAL_KEY = OFF) ON [PRIMARY]
GO
/****** Object:  Index [IX_Category_Id]    Script Date: 17/06/2021 0:12:45 ******/
CREATE NONCLUSTERED INDEX [IX_Category_Id] ON [dbo].[UserPasswordPairs]
(
	[Category_Id] ASC
)WITH (PAD_INDEX = OFF, STATISTICS_NORECOMPUTE = OFF, SORT_IN_TEMPDB = OFF, DROP_EXISTING = OFF, ONLINE = OFF, ALLOW_ROW_LOCKS = ON, ALLOW_PAGE_LOCKS = ON, OPTIMIZE_FOR_SEQUENTIAL_KEY = OFF) ON [PRIMARY]
GO
ALTER TABLE [dbo].[Categories]  WITH CHECK ADD  CONSTRAINT [FK_dbo.Categories_dbo.Users_User_Username] FOREIGN KEY([User_Username])
REFERENCES [dbo].[Users] ([Username])
GO
ALTER TABLE [dbo].[Categories] CHECK CONSTRAINT [FK_dbo.Categories_dbo.Users_User_Username]
GO
ALTER TABLE [dbo].[CreditCardDataBreaches]  WITH CHECK ADD  CONSTRAINT [FK_dbo.CreditCardDataBreaches_dbo.CreditCards_CreditCard_Id] FOREIGN KEY([CreditCard_Id])
REFERENCES [dbo].[CreditCards] ([Id])
ON DELETE CASCADE
GO
ALTER TABLE [dbo].[CreditCardDataBreaches] CHECK CONSTRAINT [FK_dbo.CreditCardDataBreaches_dbo.CreditCards_CreditCard_Id]
GO
ALTER TABLE [dbo].[CreditCardDataBreaches]  WITH CHECK ADD  CONSTRAINT [FK_dbo.CreditCardDataBreaches_dbo.DataBreaches_DataBreach_Id] FOREIGN KEY([DataBreach_Id])
REFERENCES [dbo].[DataBreaches] ([Id])
ON DELETE CASCADE
GO
ALTER TABLE [dbo].[CreditCardDataBreaches] CHECK CONSTRAINT [FK_dbo.CreditCardDataBreaches_dbo.DataBreaches_DataBreach_Id]
GO
ALTER TABLE [dbo].[CreditCards]  WITH CHECK ADD  CONSTRAINT [FK_dbo.CreditCards_dbo.Categories_Category_Id] FOREIGN KEY([Category_Id])
REFERENCES [dbo].[Categories] ([Id])
GO
ALTER TABLE [dbo].[CreditCards] CHECK CONSTRAINT [FK_dbo.CreditCards_dbo.Categories_Category_Id]
GO
ALTER TABLE [dbo].[DataBreaches]  WITH CHECK ADD  CONSTRAINT [FK_dbo.DataBreaches_dbo.Users_User_Username] FOREIGN KEY([User_Username])
REFERENCES [dbo].[Users] ([Username])
GO
ALTER TABLE [dbo].[DataBreaches] CHECK CONSTRAINT [FK_dbo.DataBreaches_dbo.Users_User_Username]
GO
ALTER TABLE [dbo].[LeakedCreditCards]  WITH CHECK ADD  CONSTRAINT [FK_dbo.LeakedCreditCards_dbo.DataBreaches_DataBreach_Id] FOREIGN KEY([DataBreach_Id])
REFERENCES [dbo].[DataBreaches] ([Id])
GO
ALTER TABLE [dbo].[LeakedCreditCards] CHECK CONSTRAINT [FK_dbo.LeakedCreditCards_dbo.DataBreaches_DataBreach_Id]
GO
ALTER TABLE [dbo].[LeakedPasswords]  WITH CHECK ADD  CONSTRAINT [FK_dbo.LeakedPasswords_dbo.DataBreaches_DataBreach_Id] FOREIGN KEY([DataBreach_Id])
REFERENCES [dbo].[DataBreaches] ([Id])
GO
ALTER TABLE [dbo].[LeakedPasswords] CHECK CONSTRAINT [FK_dbo.LeakedPasswords_dbo.DataBreaches_DataBreach_Id]
GO
ALTER TABLE [dbo].[SharedPasswords]  WITH CHECK ADD  CONSTRAINT [FK_dbo.SharedPasswords_dbo.UserPasswordPairs_UserPasswordPair_Id] FOREIGN KEY([UserPasswordPair_Id])
REFERENCES [dbo].[UserPasswordPairs] ([Id])
ON DELETE CASCADE
GO
ALTER TABLE [dbo].[SharedPasswords] CHECK CONSTRAINT [FK_dbo.SharedPasswords_dbo.UserPasswordPairs_UserPasswordPair_Id]
GO
ALTER TABLE [dbo].[SharedPasswords]  WITH CHECK ADD  CONSTRAINT [FK_dbo.SharedPasswords_dbo.Users_User_Username] FOREIGN KEY([User_Username])
REFERENCES [dbo].[Users] ([Username])
ON DELETE CASCADE
GO
ALTER TABLE [dbo].[SharedPasswords] CHECK CONSTRAINT [FK_dbo.SharedPasswords_dbo.Users_User_Username]
GO
ALTER TABLE [dbo].[UserPasswordPairDataBreaches]  WITH CHECK ADD  CONSTRAINT [FK_dbo.UserPasswordPairDataBreaches_dbo.DataBreaches_DataBreach_Id] FOREIGN KEY([DataBreach_Id])
REFERENCES [dbo].[DataBreaches] ([Id])
ON DELETE CASCADE
GO
ALTER TABLE [dbo].[UserPasswordPairDataBreaches] CHECK CONSTRAINT [FK_dbo.UserPasswordPairDataBreaches_dbo.DataBreaches_DataBreach_Id]
GO
ALTER TABLE [dbo].[UserPasswordPairDataBreaches]  WITH CHECK ADD  CONSTRAINT [FK_dbo.UserPasswordPairDataBreaches_dbo.UserPasswordPairs_UserPasswordPair_Id] FOREIGN KEY([UserPasswordPair_Id])
REFERENCES [dbo].[UserPasswordPairs] ([Id])
ON DELETE CASCADE
GO
ALTER TABLE [dbo].[UserPasswordPairDataBreaches] CHECK CONSTRAINT [FK_dbo.UserPasswordPairDataBreaches_dbo.UserPasswordPairs_UserPasswordPair_Id]
GO
ALTER TABLE [dbo].[UserPasswordPairs]  WITH CHECK ADD  CONSTRAINT [FK_dbo.UserPasswordPairs_dbo.Categories_Category_Id] FOREIGN KEY([Category_Id])
REFERENCES [dbo].[Categories] ([Id])
GO
ALTER TABLE [dbo].[UserPasswordPairs] CHECK CONSTRAINT [FK_dbo.UserPasswordPairs_dbo.Categories_Category_Id]
GO
USE [master]
GO
ALTER DATABASE [DataManager] SET  READ_WRITE 
GO
